product_id,store_name,state,zipcode,qty,sales,import_order,created_time
GL22BLKS1,LOWE'S OF FEDERAL WAY, WA,WA,98003,6,0,1,2024-12-27 00:10:25
GL22BLKS1,LOWE'S OF PUYALLUP, WA,WA,98374,0,0,1,2024-12-27 00:10:25
GL22BLKS1,LOWE'S OF AUBURN, WA,WA,98002,4,0,1,2024-12-27 00:10:25
GL22BLKS1,LOWE'S OF OLYMPIA, WA,WA,98516,7,0,1,2024-12-27 00:10:25
GL22BLKS1,LOWE'S OF BONNEY LAKE, WA,WA,98391,0,0,1,2024-12-27 00:10:25
GL22BLKS1,LOWE'S OF KENT-MIDWAY, WA,WA,98032,4,0,1,2024-12-27 00:10:25
GL22BLKS1,LOWE'S OF PORT ORCHARD, WA,WA,98367,5,0,1,2024-12-27 00:10:25
GL22BLKS1,LOWE'S OF TACOMA, WA,WA,98466,0,0,1,2024-12-27 00:10:25
GL22BLKS1,LOWE'S OF S. LACEY, WA,WA,98503,6,0,1,2024-12-27 00:10:25
GL22BLKS1,LOWE'S OF LAKEWOOD, WA,WA,98499,9,0,1,2024-12-27 00:10:25
GL22BLKS1,LOWE'S OF LAKE JACKSON, TX,TX,77566,1,0,1,2024-12-27 00:10:25
GL22BLKS1,LOWE'S OF E. HOUSTON, TX,TX,77049,7,0,1,2024-12-27 00:10:25
GL22BLKS1,LOWE'S OF PEARLAND, TX,TX,77581,0,0,1,2024-12-27 00:10:25
GL22BLKS1,LOWE'S OF MEYERLAND, TX,TX,77096,0,0,1,2024-12-27 00:10:25
GL22BLKS1,LOWE'S OF TEXAS CITY, TX,TX,77590,1,0,1,2024-12-27 00:10:25
GL22BLKS1,LOWE'S OF LEAGUE CITY, TX,TX,77573,0,0,1,2024-12-27 00:10:25
GL22BLKS1,LOWE'S OF BAYBROOK, TX,TX,77598,5,0,1,2024-12-27 00:10:25
GL22BLKS1,LOWE'S OF PASADENA, TX,TX,77505,16,0,1,2024-12-27 00:10:25
GL22BLKS1,LOWE'S OF BAYTOWN, TX,TX,77521,11,0,1,2024-12-27 00:10:25
GL22BLKS1,LOWE'S OF S. E. HOUSTON, TX,TX,77087,0,0,1,2024-12-27 00:10:25
GL22BLKS1,LOWE'S OF HENDERSONVILLE, NC,NC,28792,11,0,1,2024-12-27 00:10:25
GL22BLKS1,LOWE'S OF W. ASHEVILLE, NC,NC,28806,9,0,1,2024-12-27 00:10:25
GL22BLKS1,LOWE'S OF GREER, SC,SC,29650,11,0,1,2024-12-27 00:10:25
GL22BLKS1,LOWE'S OF WEAVERVILLE, NC,NC,28787,6,0,1,2024-12-27 00:10:25
GL22BLKS1,LOWE'S OF WAYNESVILLE, NC,NC,28786,0,0,1,2024-12-27 00:10:25
GL22BLKS1,LOWE'S OF FOREST CITY, NC,NC,28043,0,0,1,2024-12-27 00:10:25
GL22BLKS1,LOWE'S OF BREVARD, NC,NC,28712,0,0,1,2024-12-27 00:10:25
GL22BLKS1,LOWE'S OF S. ASHEVILLE, NC,NC,28704,11,0,1,2024-12-27 00:10:25
GL22BLKS1,LOWE'S OF BOILING SPRINGS, SC,SC,29316,7,0,1,2024-12-27 00:10:25
GL22BLKS1,LOWE'S OF N.W. GREENVILLE, SC,SC,29609,7,0,1,2024-12-27 00:10:25
GL22BLKS1,LOWE'S OF LAKE IN THE HILLS, IL,IL,60156,5,0,1,2024-12-27 00:10:25
GL22BLKS1,LOWE'S OF NAPERVILLE, IL,IL,60564,14,0,1,2024-12-27 00:10:25
GL22BLKS1,LOWE'S OF ROCKFORD, IL,IL,61108,6,0,1,2024-12-27 00:10:25
GL22BLKS1,LOWE'S OF MACHESNEY PARK, IL,IL,61115,0,0,1,2024-12-27 00:10:25
GL22BLKS1,LOWE'S OF BOLINGBROOK, IL,IL,60490,6,0,1,2024-12-27 00:10:25
GL22BLKS1,LOWE'S OF ST. CHARLES, IL,IL,60174,9,0,1,2024-12-27 00:10:25
GL22BLKS1,LOWE'S OF CAROL STREAM, IL,IL,60188,2,0,1,2024-12-27 00:10:25
GL22BLKS1,LOWE'S OF ARLINGTON HEIGHTS, IL,IL,60005,2,0,1,2024-12-27 00:10:25
GL22BLKS1,LOWE'S OF DE KALB, IL,IL,60115,4,0,1,2024-12-27 00:10:25
GL22BLKS1,LOWE'S OF VERNON HILLS, IL,IL,60061,5,0,1,2024-12-27 00:10:25
GL22BLKS1,LOWE'S OF SMOKEY POINT, WA.,WA,98223,5,0,1,2024-12-27 00:10:25
GL22BLKS1,LOWE'S OF MILL CREEK, WA,WA,98012,6,0,1,2024-12-27 00:10:25
GL22BLKS1,LOWE'S OF BELLINGHAM, WA,WA,98226,5,0,1,2024-12-27 00:10:25
GL22BLKS1,LOWE'S OF NORTH SEATTLE, WA,WA,98133,3,0,1,2024-12-27 00:10:25
GL22BLKS1,LOWE'S OF RAINIER, WA,WA,98144,3,0,1,2024-12-27 00:10:25
GL22BLKS1,LOWE'S OF MOUNT VERNON, WA,WA,98273,0,0,1,2024-12-27 00:10:25
GL22BLKS1,LOWE'S OF MONROE, WA,WA,98272,7,0,1,2024-12-27 00:10:25
GL22BLKS1,LOWE'S OF LYNNWOOD, WA,WA,98036,4,0,1,2024-12-27 00:10:25
GL22BLKS1,LOWE'S OF ISSAQUAH, WA,WA,98027,4,0,1,2024-12-27 00:10:25
GL22BLKS1,LOWE'S OF EVERETT, WA,WA,98201,5,0,1,2024-12-27 00:10:25
GL22BLKS1,LOWE'S OF JASPER, TX,TX,75951,0,0,1,2024-12-27 00:10:25
GL22BLKS1,LOWE'S OF PALESTINE, TX,TX,75801,0,0,1,2024-12-27 00:10:25
GL22BLKS1,LOWE'S OF LONGVIEW, TX,TX,75605,6,0,1,2024-12-27 00:10:25
GL22BLKS1,LOWE'S OF LEESVILLE, LA,LA,71446,6,0,1,2024-12-27 00:10:25
GL22BLKS1,LOWE'S OF HENDERSON, TX,TX,75654,0,0,1,2024-12-27 00:10:25
GL22BLKS1,LOWE'S OF TYLER, TX,TX,75703,9,0,1,2024-12-27 00:10:25
GL22BLKS1,LOWE'S OF LUFKIN, TX,TX,75901,6,0,1,2024-12-27 00:10:25
GL22BLKS1,LOWE'S OF LIVINGSTON, TX,TX,77351,0,0,1,2024-12-27 00:10:25
GL22BLKS1,LOWE'S OF NACOGDOCHES, TX,TX,75965,21,0,1,2024-12-27 00:10:25
GL22BLKS1,LOWE'S OF CONROE, TX,TX,77304,0,0,1,2024-12-27 00:10:25
GL22BLKS1,LOWE'S OF E. VIRGINIA BEACH, VA,VA,23454,0,0,1,2024-12-27 00:10:25
GL22BLKS1,LOWE'S OF ELIZABETH CITY, NC,NC,27909,0,0,1,2024-12-27 00:10:25
GL22BLKS1,LOWE'S OF VIRGINIA BEACH, VA,VA,23452,8,0,1,2024-12-27 00:10:25
GL22BLKS1,LOWE'S OF W. CHESAPEAKE, VA,VA,23321,5,0,1,2024-12-27 00:10:25
GL22BLKS1,LOWE'S OF PORTSMOUTH, VA,VA,23701,8,0,1,2024-12-27 00:10:25
GL22BLKS1,LOWE'S OF NEWPORT NEWS, VA,VA,23602,9,0,1,2024-12-27 00:10:25
GL22BLKS1,LOWE'S OF CHESAPEAKE, VA,VA,23320,6,0,1,2024-12-27 00:10:25
GL22BLKS1,LOWE'S OF HAMPTON, VA,VA,23666,4,0,1,2024-12-27 00:10:25
GL22BLKS1,LOWE'S OF NORFOLK, VA,VA,23502,11,0,1,2024-12-27 00:10:25
GL22BLKS1,LOWE'S OF SUFFOLK, VA,VA,23434,0,0,1,2024-12-27 00:10:25
GL22BLKS1,LOWE'S OF ATASCOCITA, TX,TX,77346,6,0,1,2024-12-27 00:10:25
GL22BLKS1,LOWE'S OF KINGWOOD, TX,TX,77339,10,0,1,2024-12-27 00:10:25
GL22BLKS1,LOWE'S OF BUNKER HILL, TX,TX,77055,11,0,1,2024-12-27 00:10:25
GL22BLKS1,LOWE'S OF ROSENBERG, TX,TX,77471,13,0,1,2024-12-27 00:10:25
GL22BLKS1,LOWE'S OF KATY, TX,TX,77094,8,0,1,2024-12-27 00:10:25
GL22BLKS1,LOWE'S OF MISSOURI CITY, TX,TX,77459,0,0,1,2024-12-27 00:10:25
GL22BLKS1,LOWE'S OF CINCO RANCH (KATY), TX,TX,77494,0,0,1,2024-12-27 00:10:25
GL22BLKS1,LOWE'S OF COPPERFIELD, TX,TX,77095,27,0,1,2024-12-27 00:10:25
GL22BLKS1,LOWE'S OF ROYAL OAKS, TX,TX,77077,4,0,1,2024-12-27 00:10:25
GL22BLKS1,LOWE'S OF CYPRESS, TX,TX,77429,2,0,1,2024-12-27 00:10:25
GL22BLKS1,LOWE'S OF SUGAR LAND, TX,TX,77479,0,0,1,2024-12-27 00:10:25
GL22BLKS1,LOWE'S OF RENTON, WA,WA,98055,0,0,1,2024-12-27 00:10:25
GL22BLKS1,LOWE'S OF TUKWILA, WA,WA,98188,0,0,1,2024-12-27 00:10:25
GL22BLKS1,LOWE'S OF BREMERTON, WA,WA,98311,9,0,1,2024-12-27 00:10:25
GL22BLKS1,LOWE'S OF SILVERDALE, WA,WA,98383,0,0,1,2024-12-27 00:10:25
GL22BLKS1,LOWE'S OF BURLINGTON, IA,IA,52601,4,0,1,2024-12-27 00:10:25
GL22BLKS1,LOWE'S OF SPRINGFIELD, IL,IL,62704,11,0,1,2024-12-27 00:10:25
GL22BLKS1,LOWE'S OF GALESBURG, IL,IL,61401,4,0,1,2024-12-27 00:10:25
GL22BLKS1,LOWE'S OF N. SPRINGFIELD, IL,IL,62702,0,0,1,2024-12-27 00:10:25
GL22BLKS1,LOWE'S OF DECATUR, IL,IL,62535,2,0,1,2024-12-27 00:10:25
GL22BLKS1,LOWE'S OF E. PEORIA, IL,IL,61611,7,0,1,2024-12-27 00:10:25
GL22BLKS1,LOWE'S OF DAVENPORT, IA,IA,52807,4,0,1,2024-12-27 00:10:25
GL22BLKS1,LOWE'S OF PEORIA, IL,IL,61615,10,0,1,2024-12-27 00:10:25
GL22BLKS1,LOWE'S OF MOLINE, IL,IL,61265,7,0,1,2024-12-27 00:10:25
GL22BLKS1,LOWE'S OF BLOOMINGTON, IL,IL,61704,8,0,1,2024-12-27 00:10:25
GL22BLKS1,LOWE'S OF E. BATON ROUGE, LA,LA,70816,0,0,1,2024-12-27 00:10:25
GL22BLKS1,LOWE'S OF THIBODAUX, LA,LA,70301,0,0,1,2024-12-27 00:10:25
GL22BLKS1,LOWE'S OF COVINGTON, LA,LA,70433,3,0,1,2024-12-27 00:10:25
GL22BLKS1,LOWE'S OF GONZALES, LA,LA,70737,37,0,1,2024-12-27 00:10:25
GL22BLKS1,LOWE'S OF NEW IBERIA, LA,LA,70560,9,0,1,2024-12-27 00:10:25
GL22BLKS1,LOWE'S OF N. LAFAYETTE, LA,LA,70507,34,0,1,2024-12-27 00:10:25
GL22BLKS1,LOWE'S OF N. BATON ROUGE, LA,LA,70815,0,0,1,2024-12-27 00:10:25
GL22BLKS1,LOWE'S OF HAMMOND, LA,LA,70401,5,0,1,2024-12-27 00:10:25
GL22BLKS1,LOWE'S OF HOUMA, LA,LA,70360,9,0,1,2024-12-27 00:10:25
GL22BLKS1,LOWE'S OF S. BATON ROUGE, LA,LA,70809,3,0,1,2024-12-27 00:10:25
GL22BLKS1,LOWE'S OF CARTERSVILLE, GA,GA,30120,34,0,1,2024-12-27 00:10:25
GL22BLKS1,LOWE'S OF ALPHARETTA, GA,GA,30004,6,0,1,2024-12-27 00:10:25
GL22BLKS1,LOWE'S OF AUSTELL, GA,GA,30106,4,0,1,2024-12-27 00:10:25
GL22BLKS1,LOWE'S OF SANDY SPRINGS, GA,GA,30328,0,0,1,2024-12-27 00:10:25
GL22BLKS1,LOWE'S OF W. MARIETTA, GA,GA,30064,6,0,1,2024-12-27 00:10:25
GL22BLKS1,LOWE'S OF WOODSTOCK, GA,GA,30189,2,0,1,2024-12-27 00:10:25
GL22BLKS1,LOWE'S OF N. ALPHARETTA, GA,GA,30004,7,0,1,2024-12-27 00:10:25
GL22BLKS1,LOWE'S OF ACWORTH, GA,GA,30152,4,0,1,2024-12-27 00:10:25
GL22BLKS1,LOWE'S OF ROME, GA,GA,30165,6,0,1,2024-12-27 00:10:25
GL22BLKS1,LOWE'S OF CANTON, GA,GA,30114,0,0,1,2024-12-27 00:10:25
GL22BLKS1,LOWE'S OF SPRING, TX,TX,77388,35,0,1,2024-12-27 00:10:25
GL22BLKS1,LOWE'S OF W. SPRING, TX,TX,77379,5,0,1,2024-12-27 00:10:25
GL22BLKS1,LOWE'S OF TOMBALL, TX,TX,77377,7,0,1,2024-12-27 00:10:25
GL22BLKS1,LOWE'S OF N.W. HOUSTON, TX,TX,77070,4,0,1,2024-12-27 00:10:25
GL22BLKS1,LOWE'S OF THE WOODLANDS, TX,TX,77384,17,0,1,2024-12-27 00:10:25
GL22BLKS1,LOWE'S OF CENTRAL OKLAHOMA CITY, OK,OK,73112,6,0,1,2024-12-27 00:10:25
GL22BLKS1,LOWE'S OF S. OKLAHOMA CITY, OK,OK,73139,5,0,1,2024-12-27 00:10:25
GL22BLKS1,LOWE'S OF ENID, OK,OK,73703,0,0,1,2024-12-27 00:10:25
GL22BLKS1,LOWE'S OF N. OKLAHOMA CITY, OK,OK,73134,0,0,1,2024-12-27 00:10:25
GL22BLKS1,LOWE'S OF SHAWNEE, OK,OK,74804,0,0,1,2024-12-27 00:10:25
GL22BLKS1,LOWE'S OF PONCA CITY, OK,OK,74601,0,0,1,2024-12-27 00:10:25
GL22BLKS1,LOWE'S OF MIDWEST, OK,OK,73110,11,0,1,2024-12-27 00:10:25
GL22BLKS1,LOWE'S OF STILLWATER, OK,OK,74075,13,0,1,2024-12-27 00:10:25
GL22BLKS1,LOWE'S OF N. EDMOND, OK,OK,73003,9,0,1,2024-12-27 00:10:25
GL22BLKS1,LOWE'S OF EDMOND, OK,OK,73034,9,0,1,2024-12-27 00:10:25
GL22BLKS1,LOWE'S OF TULSA-MIDTOWN, OK,OK,74112,23,0,1,2024-12-27 00:10:25
GL22BLKS1,LOWE'S OF MUSKOGEE, OK,OK,74403,0,0,1,2024-12-27 00:10:25
GL22BLKS1,LOWE'S OF S. TULSA, OK,OK,74133,14,0,1,2024-12-27 00:10:25
GL22BLKS1,LOWE'S OF OWASSO, OK,OK,74055,19,0,1,2024-12-27 00:10:25
GL22BLKS1,LOWE'S OF TAHLEQUAH, OK,OK,74464,0,0,1,2024-12-27 00:10:25
GL22BLKS1,LOWE'S OF CLAREMORE, OK,OK,74019,0,0,1,2024-12-27 00:10:25
GL22BLKS1,LOWE'S OF BROKEN ARROW, OK,OK,74012,19,0,1,2024-12-27 00:10:25
GL22BLKS1,LOWE'S OF BIXBY, OK,OK,74008,16,0,1,2024-12-27 00:10:25
GL22BLKS1,LOWE'S OF W. TULSA, OK,OK,74132,4,0,1,2024-12-27 00:10:25
GL22BLKS1,LOWE'S OF BARTLESVILLE, OK,OK,74006,5,0,1,2024-12-27 00:10:25
GL22BLKS1,LOWE'S OF W. EUGENE, OR,OR,97402,6,0,1,2024-12-27 00:10:25
GL22BLKS1,LOWE'S OF REDDING, CA,CA,96002,11,0,1,2024-12-27 00:10:25
GL22BLKS1,LOWE'S OF CHICO, CA,CA,95928,7,0,1,2024-12-27 00:10:25
GL22BLKS1,LOWE'S OF ROSEBURG, OR,OR,97470,7,0,1,2024-12-27 00:10:25
GL22BLKS1,LOWE'S OF KEIZER, OR,OR,97303,2,0,1,2024-12-27 00:10:25
GL22BLKS1,LOWE'S OF REDMOND, OR,OR,97756,0,0,1,2024-12-27 00:10:25
GL22BLKS1,LOWE'S OF ALBANY - MILLERSBURG, OR,OR,97322,0,0,1,2024-12-27 00:10:25
GL22BLKS1,LOWE'S OF SALEM, OR,OR,97302,6,0,1,2024-12-27 00:10:25
GL22BLKS1,LOWE'S OF BEND, OR,OR,97701,4,0,1,2024-12-27 00:10:25
GL22BLKS1,LOWE'S OF MEDFORD, OR,OR,97504,16,0,1,2024-12-27 00:10:25
GL22BLKS1,LOWE'S OF GROVE, OK,OK,74344,0,0,1,2024-12-27 00:10:25
GL22BLKS1,LOWE'S OF MONETT, MO,MO,65708,0,0,1,2024-12-27 00:10:25
GL22BLKS1,LOWE'S OF ROGERS, AR,AR,72756,19,0,1,2024-12-27 00:10:25
GL22BLKS1,LOWE'S OF REPUBLIC, MO,MO,65738,16,0,1,2024-12-27 00:10:25
GL22BLKS1,LOWE'S OF N. BENTONVILLE, AR,AR,72712,12,0,1,2024-12-27 00:10:25
GL22BLKS1,LOWE'S OF SPRINGDALE, AR,AR,72762,12,0,1,2024-12-27 00:10:25
GL22BLKS1,LOWE'S OF CARTHAGE, MO,MO,64836,0,0,1,2024-12-27 00:10:25
GL22BLKS1,LOWE'S OF NEOSHO, MO,MO,64850,0,0,1,2024-12-27 00:10:25
GL22BLKS1,LOWE'S OF JOPLIN, MO,MO,64804,7,0,1,2024-12-27 00:10:25
GL22BLKS1,LOWE'S OF SILOAM SPRINGS, AR,AR,72761,13,0,1,2024-12-27 00:10:25
GL22BLKS1,LOWE'S OF ARANSAS PASS, TX,TX,78336,7,0,1,2024-12-27 00:10:25
GL22BLKS1,LOWE'S OF NEW BRAUNFELS, TX,TX,78130,8,0,1,2024-12-27 00:10:25
GL22BLKS1,LOWE'S OF VICTORIA, TX,TX,77904,5,0,1,2024-12-27 00:10:25
GL22BLKS1,LOWE'S OF S.E. SAN ANTONIO, TX,TX,78223,0,0,1,2024-12-27 00:10:25
GL22BLKS1,LOWE'S OF SAN MARCOS, TX,TX,78666,0,0,1,2024-12-27 00:10:25
GL22BLKS1,LOWE'S OF BASTROP, TX,TX,78602,0,0,1,2024-12-27 00:10:25
GL22BLKS1,LOWE'S OF CORPUS CHRISTI, TX,TX,78412,7,0,1,2024-12-27 00:10:25
GL22BLKS1,LOWE'S OF SCHERTZ, TX,TX,78154,7,0,1,2024-12-27 00:10:25
GL22BLKS1,LOWE'S OF S. ANCHORAGE, AK,AK,99515,123,0,1,2024-12-27 00:10:25
GL22BLKS1,LOWE'S OF WASILLA, AK,AK,99654,230,0,1,2024-12-27 00:10:25
GL22BLKS1,LOWE'S OF ANCHORAGE, AK,AK,99503,181,0,1,2024-12-27 00:10:25
GL22BLKS1,LOWE'S OF N.E. ANCHORAGE, AK,AK,99504,61,0,1,2024-12-27 00:10:25
GL22BLKS1,LOWE'S OF FAIRBANKS, AK,AK,99701,205,0,1,2024-12-27 00:10:25
GL22BLKS1,LOWE'S OF S. PUEBLO, CO,CO,81005,7,0,1,2024-12-27 00:10:25
GL22BLKS1,LOWE'S OF CENTRAL COLORADO SPRINGS, CO,CO,80909,0,0,1,2024-12-27 00:10:25
GL22BLKS1,LOWE'S OF N. COLORADO SPRINGS, CO,CO,80920,11,0,1,2024-12-27 00:10:25
GL22BLKS1,LOWE'S OF CASTLE ROCK, CO,CO,80108,9,0,1,2024-12-27 00:10:25
GL22BLKS1,LOWE'S OF W. COLORADO SPRINGS, CO,CO,80918,11,0,1,2024-12-27 00:10:25
GL22BLKS1,LOWE'S OF PARKER, CO,CO,80134,9,0,1,2024-12-27 00:10:25
GL22BLKS1,LOWE'S OF E. AURORA, CO,CO,80016,0,0,1,2024-12-27 00:10:25
GL22BLKS1,LOWE'S OF FOUNTAIN, CO,CO,80817,2,0,1,2024-12-27 00:10:25
GL22BLKS1,LOWE'S OF PUEBLO, CO,CO,81008,10,0,1,2024-12-27 00:10:25
GL22BLKS1,LOWE'S OF E. COLORADO SPRINGS, CO,CO,80922,17,0,1,2024-12-27 00:10:25
GL22BLKS1,LOWE'S OF N.W. CHARLESTON, SC,SC,29485,4,0,1,2024-12-27 00:10:25
GL22BLKS1,LOWE'S OF JAMES ISLAND, SC,SC,29412,8,0,1,2024-12-27 00:10:25
GL22BLKS1,LOWE'S OF SUMMERVILLE, SC,SC,29483,6,0,1,2024-12-27 00:10:25
GL22BLKS1,LOWE'S OF MT. PLEASANT, SC,SC,29464,8,0,1,2024-12-27 00:10:25
GL22BLKS1,LOWE'S OF W. ASHLEY, SC,SC,29414,2,0,1,2024-12-27 00:10:25
GL22BLKS1,LOWE'S OF N. CHARLESTON, SC,SC,29406,0,0,1,2024-12-27 00:10:25
GL22BLKS1,LOWE'S OF N. MT. PLEASANT, SC,SC,29466,0,0,1,2024-12-27 00:10:25
GL22BLKS1,LOWE'S OF BEAUFORT, SC,SC,29906,15,0,1,2024-12-27 00:10:25
GL22BLKS1,LOWE'S OF ORANGEBURG, SC,SC,29118,0,0,1,2024-12-27 00:10:25
GL22BLKS1,LOWE'S OF GOOSE CREEK, SC,SC,29445,4,0,1,2024-12-27 00:10:25
GL22BLKS1,LOWE'S OF S. E. CHARLOTTE, NC,NC,28105,7,0,1,2024-12-27 00:10:25
GL22BLKS1,LOWE'S OF N. YORK COUNTY, SC,SC,29710,8,0,1,2024-12-27 00:10:25
GL22BLKS1,LOWE'S OF CENTRAL CHARLOTTE, NC,NC,28203,8,0,1,2024-12-27 00:10:25
GL22BLKS1,LOWE'S OF N. LANCASTER, SC,SC,29707,3,0,1,2024-12-27 00:10:25
GL22BLKS1,LOWE'S OF S. CHARLOTTE, NC,NC,28277,16,0,1,2024-12-27 00:10:25
GL22BLKS1,LOWE'S OF PINEVILLE, NC,NC,28226,5,0,1,2024-12-27 00:10:25
GL22BLKS1,LOWE'S OF SW CHARLOTTE, NC,NC,28273,4,0,1,2024-12-27 00:10:25
GL22BLKS1,LOWE'S OF FORT MILL, SC,SC,29708,7,0,1,2024-12-27 00:10:25
GL22BLKS1,LOWE'S OF ROCK HILL, SC,SC,29730,9,0,1,2024-12-27 00:10:25
GL22BLKS1,LOWE'S OF WAXHAW, NC,NC,28173,10,0,1,2024-12-27 00:10:25
GL22BLKS1,LOWE'S OF NASHVILLE, TN,TN,37211,5,0,1,2024-12-27 00:10:25
GL22BLKS1,LOWE'S OF LEBANON, TN,TN,37087,11,0,1,2024-12-27 00:10:25
GL22BLKS1,LOWE'S OF SMYRNA, TN,TN,37167,3,0,1,2024-12-27 00:10:25
GL22BLKS1,LOWE'S OF GALLATIN, TN,TN,37066,9,0,1,2024-12-27 00:10:25
GL22BLKS1,LOWE'S OF W. NASHVILLE, TN,TN,37209,6,0,1,2024-12-27 00:10:25
GL22BLKS1,LOWE'S OF HENDERSONVILLE, TN,TN,37075,5,0,1,2024-12-27 00:10:25
GL22BLKS1,LOWE'S OF N. NASHVILLE, TN,TN,37207,3,0,1,2024-12-27 00:10:25
GL22BLKS1,LOWE'S OF HERMITAGE, TN,TN,37076,4,0,1,2024-12-27 00:10:25
GL22BLKS1,LOWE'S OF MADISON, TN,TN,37115,4,0,1,2024-12-27 00:10:25
GL22BLKS1,LOWE'S OF MT. JULIET, TN,TN,37122,0,0,1,2024-12-27 00:10:25
GL22BLKS1,LOWE'S OF S.E. HUNTSVILLE, AL,AL,35763,7,0,1,2024-12-27 00:10:25
GL22BLKS1,LOWE'S OF N. HUNTSVILLE, AL,AL,35810,9,0,1,2024-12-27 00:10:25
GL22BLKS1,LOWE'S OF CULLMAN, AL,AL,35055,0,0,1,2024-12-27 00:10:25
GL22BLKS1,LOWE'S OF HARTSELLE, AL,AL,35640,0,0,1,2024-12-27 00:10:25
GL22BLKS1,LOWE'S OF ATHENS, AL,AL,35611,10,0,1,2024-12-27 00:10:25
GL22BLKS1,LOWE'S OF GUNTERSVILLE, AL,AL,35976,12,0,1,2024-12-27 00:10:25
GL22BLKS1,LOWE'S OF MADISON, AL,AL,35758,12,0,1,2024-12-27 00:10:25
GL22BLKS1,LOWE'S OF DECATUR, AL,AL,35601,11,0,1,2024-12-27 00:10:25
GL22BLKS1,LOWE'S OF HUNTSVILLE, AL,AL,35803,9,0,1,2024-12-27 00:10:25
GL22BLKS1,LOWE'S OF TULLAHOMA, TN,TN,37388,3,0,1,2024-12-27 00:10:25
GL22BLKS1,LOWE'S OF YORK, SC,SC,29745,0,0,1,2024-12-27 00:10:25
GL22BLKS1,LOWE'S OF GLOUCESTER, VA,VA,23061,0,0,1,2024-12-27 00:10:25
GL22BLKS1,LOWE'S OF WILLIAMSBURG, VA,VA,23188,3,0,1,2024-12-27 00:10:25
GL22BLKS1,LOWE'S OF SHREVEPORT, LA,LA,71118,4,0,1,2024-12-27 00:10:25
GL22BLKS1,LOWE'S OF SE SHREVEPORT, LA,LA,71105,15,0,1,2024-12-27 00:10:25
GL22BLKS1,LOWE'S OF BOSSIER CITY, LA,LA,71111,7,0,1,2024-12-27 00:10:25
GL22BLKS1,LOWE'S OF MARSHALL, TX,TX,75670,0,0,1,2024-12-27 00:10:25
GL22BLKS1,LOWE'S OF RUSTON, LA,LA,71270,0,0,1,2024-12-27 00:10:25
GL22BLKS1,LOWE'S OF MT. PLEASANT, TX,TX,75455,0,0,1,2024-12-27 00:10:25
GL22BLKS1,LOWE'S OF TEXARKANA, TX,TX,75501,8,0,1,2024-12-27 00:10:25
GL22BLKS1,LOWE'S OF BUFORD, GA,GA,30519,9,0,1,2024-12-27 00:10:25
GL22BLKS1,LOWE'S OF JOHN'S CREEK, GA,GA,30024,6,0,1,2024-12-27 00:10:25
GL22BLKS1,LOWE'S OF CORNELIA, GA,GA,30531,13,0,1,2024-12-27 00:10:25
GL22BLKS1,LOWE'S OF SNELLVILLE, GA,GA,30078,6,0,1,2024-12-27 00:10:25
GL22BLKS1,LOWE'S OF CUMMING, GA,GA,30041,2,0,1,2024-12-27 00:10:25
GL22BLKS1,LOWE'S OF GAINESVILLE, GA,GA,30504,28,0,1,2024-12-27 00:10:25
GL22BLKS1,LOWE'S OF SUWANEE, GA,GA,30024,7,0,1,2024-12-27 00:10:25
GL22BLKS1,LOWE'S OF LOGANVILLE, GA,GA,30052,7,0,1,2024-12-27 00:10:25
GL22BLKS1,LOWE'S OF NORCROSS, GA,GA,30071,3,0,1,2024-12-27 00:10:25
GL22BLKS1,LOWE'S OF WETUMPKA, AL,AL,36092,0,0,1,2024-12-27 00:10:25
GL22BLKS1,LOWE'S OF OPELIKA, AL,AL,36801,3,0,1,2024-12-27 00:10:25
GL22BLKS1,LOWE'S OF N. COLUMBUS, GA,GA,31909,0,0,1,2024-12-27 00:10:25
GL22BLKS1,LOWE'S OF ENTERPRISE, AL,AL,36330,0,0,1,2024-12-27 00:10:25
GL22BLKS1,LOWE'S OF INVERNESS, AL,AL,35242,10,0,1,2024-12-27 00:10:25
GL22BLKS1,LOWE'S OF TROY, AL,AL,36081,4,0,1,2024-12-27 00:10:25
GL22BLKS1,LOWE'S OF PRATTVILLE, AL,AL,36066,22,0,1,2024-12-27 00:10:25
GL22BLKS1,LOWE'S OF ALABASTER, AL,AL,35007,9,0,1,2024-12-27 00:10:25
GL22BLKS1,LOWE'S OF S. MONTGOMERY, AL,AL,36117,0,0,1,2024-12-27 00:10:25
GL22BLKS1,LOWE'S OF HOOVER, AL,AL,35244,10,0,1,2024-12-27 00:10:25
GL22BLKS1,LOWE'S OF PULASKI COUNTY, VA,VA,24141,0,0,1,2024-12-27 00:10:25
GL22BLKS1,LOWE'S OF PRINCETON, WV,WV,24740,6,0,1,2024-12-27 00:10:25
GL22BLKS1,LOWE'S OF CHRISTIANSBURG, VA,VA,24073,16,0,1,2024-12-27 00:10:25
GL22BLKS1,LOWE'S OF SALEM, VA,VA,24153,6,0,1,2024-12-27 00:10:25
GL22BLKS1,LOWE'S OF E. ROANOKE, VA,VA,24012,11,0,1,2024-12-27 00:10:25
GL22BLKS1,LOWE'S OF S. ROANOKE, VA,VA,24018,14,0,1,2024-12-27 00:10:25
GL22BLKS1,LOWE'S OF ROCKY MOUNT, VA,VA,24151,0,0,1,2024-12-27 00:10:25
GL22BLKS1,LOWE'S OF WYTHEVILLE, VA,VA,24382,4,0,1,2024-12-27 00:10:25
GL22BLKS1,LOWE'S OF ROANOKE, VA,VA,24012,9,0,1,2024-12-27 00:10:25
GL22BLKS1,LOWE'S OF GALAX, VA,VA,24333,12,0,1,2024-12-27 00:10:25
GL22BLKS1,LOWE'S OF MONROE, LA,LA,71202,8,0,1,2024-12-27 00:10:25
GL22BLKS1,LOWE'S OF GREENVILLE, MS,MS,38701,5,0,1,2024-12-27 00:10:25
GL22BLKS1,LOWE'S OF RIDGELAND, MS,MS,39157,19,0,1,2024-12-27 00:10:25
GL22BLKS1,LOWE'S OF PINEVILLE, LA,LA,71360,0,0,1,2024-12-27 00:10:25
GL22BLKS1,LOWE'S OF ALEXANDRIA, LA,LA,71301,4,0,1,2024-12-27 00:10:25
GL22BLKS1,LOWE'S OF W. JACKSON, MS,MS,39204,0,0,1,2024-12-27 00:10:25
GL22BLKS1,LOWE'S OF BOWLING GREEN, KY,KY,42104,10,0,1,2024-12-27 00:10:25
GL22BLKS1,LOWE'S OF FRANKLIN, KY,KY,42134,0,0,1,2024-12-27 00:10:25
GL22BLKS1,LOWE'S OF GLASGOW, KY,KY,42141,5,0,1,2024-12-27 00:10:25
GL22BLKS1,LOWE'S OF SPRINGFIELD, TN,TN,37172,0,0,1,2024-12-27 00:10:25
GL22BLKS1,LOWE'S OF SEVERN, MD,MD,21144,6,0,1,2024-12-27 00:10:25
GL22BLKS1,LOWE'S OF LAUREL, MD,MD,20707,6,0,1,2024-12-27 00:10:25
GL22BLKS1,LOWE'S OF GLEN BURNIE, MD,MD,21061,7,0,1,2024-12-27 00:10:25
GL22BLKS1,LOWE'S OF LARGO, MD,MD,20774,6,0,1,2024-12-27 00:10:25
GL22BLKS1,LOWE'S OF WASHINGTON, DC,DC,20018,12,0,1,2024-12-27 00:10:25
GL22BLKS1,LOWE'S OF COLUMBIA, MD,MD,21075,3,0,1,2024-12-27 00:10:25
GL22BLKS1,LOWE'S OF CHARLES COUNTY, MD,MD,20601,9,0,1,2024-12-27 00:10:25
GL22BLKS1,LOWE'S OF BOWIE, MD,MD,20716,6,0,1,2024-12-27 00:10:25
GL22BLKS1,LOWE'S OF CLINTON, MD,MD,20735,8,0,1,2024-12-27 00:10:25
GL22BLKS1,LOWE'S OF NEW CARROLLTON, MD,MD,20784,6,0,1,2024-12-27 00:10:25
GL22BLKS1,LOWE'S OF CAMPBELLSVILLE, KY,KY,42718,0,0,1,2024-12-27 00:10:25
GL22BLKS1,LOWE'S OF SHEPHERDSVILLE, KY,KY,40165,12,0,1,2024-12-27 00:10:25
GL22BLKS1,LOWE'S OF S.W. LOUISVILLE, KY,KY,40258,9,0,1,2024-12-27 00:10:25
GL22BLKS1,LOWE'S OF S. LOUISVILLE, KY,KY,40229,11,0,1,2024-12-27 00:10:25
GL22BLKS1,LOWE'S OF N.E. LOUISVILLE, KY,KY,40241,10,0,1,2024-12-27 00:10:25
GL22BLKS1,LOWE'S OF ELIZABETHTOWN, KY,KY,42701,13,0,1,2024-12-27 00:10:25
GL22BLKS1,LOWE'S OF CLARKSVILLE, IN,IN,47129,7,0,1,2024-12-27 00:10:25
GL22BLKS1,LOWE'S OF BARDSTOWN, KY,KY,40004,0,0,1,2024-12-27 00:10:25
GL22BLKS1,LOWE'S OF CENTRAL LOUISVILLE, KY,KY,40218,9,0,1,2024-12-27 00:10:25
GL22BLKS1,LOWE'S OF E. LOUISVILLE, KY,KY,40222,9,0,1,2024-12-27 00:10:25
GL22BLKS1,LOWE'S OF WAYNESBORO, PA,PA,17268,7,0,1,2024-12-27 00:10:25
GL22BLKS1,LOWE'S OF WESTMINSTER, MD,MD,21157,6,0,1,2024-12-27 00:10:25
GL22BLKS1,LOWE'S OF N. WINCHESTER, VA,VA,22602,5,0,1,2024-12-27 00:10:25
GL22BLKS1,LOWE'S OF LEESBURG, VA,VA,20176,0,0,1,2024-12-27 00:10:25
GL22BLKS1,LOWE'S OF FREDERICK, MD,MD,21704,8,0,1,2024-12-27 00:10:25
GL22BLKS1,LOWE'S OF HAGERSTOWN, MD,MD,21740,7,0,1,2024-12-27 00:10:25
GL22BLKS1,LOWE'S OF CHAMBERSBURG, PA,PA,17202,8,0,1,2024-12-27 00:10:25
GL22BLKS1,LOWE'S OF MARTINSBURG, WV,WV,25401,4,0,1,2024-12-27 00:10:25
GL22BLKS1,LOWE'S OF N. HAGERSTOWN, MD,MD,21742,3,0,1,2024-12-27 00:10:25
GL22BLKS1,LOWE'S OF N. FREDERICK, MD,MD,21701,0,0,1,2024-12-27 00:10:25
GL22BLKS1,LOWE'S OF LANCASTER, OH,OH,43130,9,0,1,2024-12-27 00:10:25
GL22BLKS1,LOWE'S OF MARIETTA, OH,OH,45750,11,0,1,2024-12-27 00:10:25
GL22BLKS1,LOWE'S OF S. CHARLESTON, WV,WV,25309,6,0,1,2024-12-27 00:10:25
GL22BLKS1,LOWE'S OF NITRO, WV,WV,25313,5,0,1,2024-12-27 00:10:25
GL22BLKS1,LOWE'S OF S. PARKERSBURG, WV,WV,26101,15,0,1,2024-12-27 00:10:25
GL22BLKS1,LOWE'S OF WOOD COUNTY, WV,WV,26105,11,0,1,2024-12-27 00:10:25
GL22BLKS1,LOWE'S OF ZANESVILLE, OH,OH,43701,21,0,1,2024-12-27 00:10:25
GL22BLKS1,LOWE'S OF ST. CLAIRSVILLE, OH,OH,43950,7,0,1,2024-12-27 00:10:25
GL22BLKS1,LOWE'S OF ATHENS, OH,OH,45701,0,0,1,2024-12-27 00:10:25
GL22BLKS1,LOWE'S OF E. CHARLESTON, WV,WV,25304,6,0,1,2024-12-27 00:10:25
GL22BLKS1,LOWE'S OF DALE CITY, VA,VA,22192,9,0,1,2024-12-27 00:10:25
GL22BLKS1,LOWE'S OF STAFFORD, VA,VA,22556,1,0,1,2024-12-27 00:10:25
GL22BLKS1,LOWE'S OF S. STAFFORD, VA,VA,22406,4,0,1,2024-12-27 00:10:25
GL22BLKS1,LOWE'S OF NORTH MANASSAS, VA,VA,20109,0,0,1,2024-12-27 00:10:25
GL22BLKS1,LOWE'S OF FREDERICKSBURG, VA,VA,22401,1,0,1,2024-12-27 00:10:25
GL22BLKS1,LOWE'S OF SPOTSYLVANIA COUNTY, VA,VA,22407,18,0,1,2024-12-27 00:10:25
GL22BLKS1,LOWE'S OF GAINESVILLE, VA,VA,20155,14,0,1,2024-12-27 00:10:25
GL22BLKS1,LOWE'S OF ALEXANDRIA, VA,VA,22306,0,0,1,2024-12-27 00:10:25
GL22BLKS1,LOWE'S OF CULPEPER, VA,VA,22701,3,0,1,2024-12-27 00:10:25
GL22BLKS1,LOWE'S OF LA PLATA, MD,MD,20646,10,0,1,2024-12-27 00:10:25
GL22BLKS1,LOWE'S OF ABBEVILLE, LA,LA,70510,0,0,1,2024-12-27 00:10:25
GL22BLKS1,LOWE'S OF CROWLEY, LA,LA,70526,0,0,1,2024-12-27 00:10:25
GL22BLKS1,LOWE'S OF LAFAYETTE, LA,LA,70503,8,0,1,2024-12-27 00:10:25
GL22BLKS1,LOWE'S OF OPELOUSAS, LA,LA,70570,17,0,1,2024-12-27 00:10:25
GL22BLKS1,LOWE'S OF FT. OGLETHORPE, GA,GA,30742,2,0,1,2024-12-27 00:10:25
GL22BLKS1,LOWE'S OF FT. PAYNE, AL,AL,35968,0,0,1,2024-12-27 00:10:25
GL22BLKS1,LOWE'S OF DAYTON, TN,TN,37321,0,0,1,2024-12-27 00:10:25
GL22BLKS1,LOWE'S OF KIMBALL, TN,TN,37347,0,0,1,2024-12-27 00:10:25
GL22BLKS1,LOWE'S OF CHATTANOOGA, TN,TN,37421,3,0,1,2024-12-27 00:10:25
GL22BLKS1,LOWE'S OF N. CHATTANOOGA, TN,TN,37343,6,0,1,2024-12-27 00:10:25
GL22BLKS1,LOWE'S OF DALTON, GA,GA,30721,4,0,1,2024-12-27 00:10:25
GL22BLKS1,LOWE'S OF CLEVELAND, TN,TN,37312,16,0,1,2024-12-27 00:10:25
GL22BLKS1,LOWE'S OF E. ELLIJAY, GA,GA,30540,0,0,1,2024-12-27 00:10:25
GL22BLKS1,LOWE'S OF BLUFFTON, SC,SC,29910,6,0,1,2024-12-27 00:10:25
GL22BLKS1,LOWE'S OF WEST COLUMBIA, SC,SC,29170,11,0,1,2024-12-27 00:10:25
GL22BLKS1,LOWE'S OF LEXINGTON, SC,SC,29072,4,0,1,2024-12-27 00:10:25
GL22BLKS1,LOWE'S OF IRMO, SC,SC,29212,0,0,1,2024-12-27 00:10:25
GL22BLKS1,LOWE'S OF N. RICHLAND COUNTY, SC,SC,29229,0,0,1,2024-12-27 00:10:25
GL22BLKS1,LOWE'S OF N.E. COLUMBIA, SC,SC,29223,3,0,1,2024-12-27 00:10:25
GL22BLKS1,LOWE'S OF CAMDEN, SC,SC,29020,8,0,1,2024-12-27 00:10:25
GL22BLKS1,LOWE'S OF RICHLAND COUNTY, SC,SC,29223,10,0,1,2024-12-27 00:10:25
GL22BLKS1,LOWE'S OF SE COLUMBIA, SC,SC,29209,6,0,1,2024-12-27 00:10:25
GL22BLKS1,LOWE'S OF S.E. LEXINGTON COUNTY, SC,SC,29073,0,0,1,2024-12-27 00:10:25
GL22BLKS1,LOWE'S OF GEORGETOWN, KY,KY,40324,8,0,1,2024-12-27 00:10:25
GL22BLKS1,LOWE'S OF FRANKFORT, KY,KY,40601,0,0,1,2024-12-27 00:10:25
GL22BLKS1,LOWE'S OF S. LEXINGTON, KY,KY,40503,13,0,1,2024-12-27 00:10:25
GL22BLKS1,LOWE'S OF MT. STERLING, KY,KY,40353,0,0,1,2024-12-27 00:10:25
GL22BLKS1,LOWE'S OF N.E. LEXINGTON, KY,KY,40509,9,0,1,2024-12-27 00:10:25
GL22BLKS1,LOWE'S OF WINCHESTER, KY,KY,40391,0,0,1,2024-12-27 00:10:25
GL22BLKS1,LOWE'S OF NICHOLASVILLE, KY,KY,40356,9,0,1,2024-12-27 00:10:25
GL22BLKS1,LOWE'S OF EAST LEXINGTON, KY,KY,40509,3,0,1,2024-12-27 00:10:25
GL22BLKS1,LOWE'S OF RICHMOND, KY,KY,40475,11,0,1,2024-12-27 00:10:25
GL22BLKS1,LOWE'S OF DANVILLE, KY,KY,40422,10,0,1,2024-12-27 00:10:25
GL22BLKS1,LOWE'S OF CHARLOTTESVILLE, VA,VA,22901,0,0,1,2024-12-27 00:10:25
GL22BLKS1,LOWE'S OF ZION CROSSROADS, VA,VA,22942,7,0,1,2024-12-27 00:10:25
GL22BLKS1,LOWE'S OF STAUNTON, VA,VA,24401,13,0,1,2024-12-27 00:10:25
GL22BLKS1,LOWE'S OF RUCKERSVILLE, VA,VA,22968,4,0,1,2024-12-27 00:10:25
GL22BLKS1,LOWE'S OF LEXINGTON, VA,VA,24450,13,0,1,2024-12-27 00:10:25
GL22BLKS1,LOWE'S OF WOODSTOCK, VA,VA,22664,9,0,1,2024-12-27 00:10:25
GL22BLKS1,LOWE'S OF HARRISONBURG, VA,VA,22802,12,0,1,2024-12-27 00:10:25
GL22BLKS1,LOWE'S OF WAYNESBORO, VA,VA,22980,9,0,1,2024-12-27 00:10:25
GL22BLKS1,LOWE'S OF OVERLAND PARK, KS,KS,66212,0,0,1,2024-12-27 00:10:25
GL22BLKS1,LOWE'S OF RAYMORE, MO,MO,64083,4,0,1,2024-12-27 00:10:25
GL22BLKS1,LOWE'S OF KANSAS CITY, KS,KS,66102,6,0,1,2024-12-27 00:10:25
GL22BLKS1,LOWE'S OF OLATHE, KS,KS,66062,1,0,1,2024-12-27 00:10:25
GL22BLKS1,LOWE'S OF SHAWNEE, KS,KS,66217,5,0,1,2024-12-27 00:10:25
GL22BLKS1,LOWE'S OF KANSAS CITY (GLADSTONE), MO,MO,64118,6,0,1,2024-12-27 00:10:25
GL22BLKS1,LOWE'S OF N KANSAS CITY, MO,MO,64154,10,0,1,2024-12-27 00:10:25
GL22BLKS1,LOWE'S OF TOPEKA, KS,KS,66615,6,0,1,2024-12-27 00:10:25
GL22BLKS1,LOWE'S OF S. KANSAS CITY, MO,MO,64145,8,0,1,2024-12-27 00:10:25
GL22BLKS1,LOWE'S OF ROELAND PARK, KS,KS,66205,3,0,1,2024-12-27 00:10:25
GL22BLKS1,LOWE'S OF MUSTANG, OK,OK,73064,5,0,1,2024-12-27 00:10:25
GL22BLKS1,LOWE'S OF MOORE, OK,OK,73160,5,0,1,2024-12-27 00:10:25
GL22BLKS1,LOWE'S OF NORMAN, OK,OK,73069,6,0,1,2024-12-27 00:10:25
GL22BLKS1,LOWE'S OF YUKON, OK,OK,73099,15,0,1,2024-12-27 00:10:25
GL22BLKS1,LOWE'S OF CROSSVILLE, TN,TN,38555,9,0,1,2024-12-27 00:10:25
GL22BLKS1,LOWE'S OF WEST KNOXVILLE, TN,TN,37923,22,0,1,2024-12-27 00:10:25
GL22BLKS1,LOWE'S OF LA FOLLETTE, TN,TN,37766,0,0,1,2024-12-27 00:10:25
GL22BLKS1,LOWE'S OF N. KNOXVILLE, TN,TN,37912,11,0,1,2024-12-27 00:10:25
GL22BLKS1,LOWE'S OF COOKEVILLE, TN,TN,38501,11,0,1,2024-12-27 00:10:25
GL22BLKS1,LOWE'S OF ATHENS, TN,TN,37303,14,0,1,2024-12-27 00:10:25
GL22BLKS1,LOWE'S OF MCMINNVILLE, TN,TN,37110,0,0,1,2024-12-27 00:10:25
GL22BLKS1,LOWE'S OF HARRIMAN, TN,TN,37748,0,0,1,2024-12-27 00:10:25
GL22BLKS1,LOWE'S OF SUMTER, SC,SC,29150,6,0,1,2024-12-27 00:10:25
GL22BLKS1,LOWE'S OF BLOOMFIELD TOWNSHIP, MI,MI,48302,3,0,1,2024-12-27 00:10:25
GL22BLKS1,LOWE'S OF WHITE LAKE, MI,MI,48386,6,0,1,2024-12-27 00:10:25
GL22BLKS1,LOWE'S OF LYON TOWNSHIP, MI,MI,48165,8,0,1,2024-12-27 00:10:25
GL22BLKS1,LOWE'S OF ROCHESTER HILLS, MI,MI,48307,7,0,1,2024-12-27 00:10:25
GL22BLKS1,LOWE'S OF HOWELL, MI,MI,48843,5,0,1,2024-12-27 00:10:25
GL22BLKS1,LOWE'S OF S. LANSING, MI,MI,48911,12,0,1,2024-12-27 00:10:25
GL22BLKS1,LOWE'S OF MIDLAND, MI,MI,48642,11,0,1,2024-12-27 00:10:25
GL22BLKS1,LOWE'S OF W. LANSING, MI,MI,48917,11,0,1,2024-12-27 00:10:25
GL22BLKS1,LOWE'S OF COMMERCE TOWNSHIP, MI,MI,48390,10,0,1,2024-12-27 00:10:25
GL22BLKS1,LOWE'S OF SAGINAW, MI,MI,48604,8,0,1,2024-12-27 00:10:25
GL22BLKS1,LOWE'S OF N. CENT.HOUSTON, TX,TX,77008,11,0,1,2024-12-27 00:10:25
GL22BLKS1,LOWE'S OF W. YORK, PA,PA,17404,10,0,1,2024-12-27 00:10:25
GL22BLKS1,LOWE'S OF TIMONIUM, MD,MD,21093,3,0,1,2024-12-27 00:10:25
GL22BLKS1,LOWE'S OF OWINGS MILLS, MD,MD,21117,0,0,1,2024-12-27 00:10:25
GL22BLKS1,LOWE'S OF HANOVER, PA,PA,17331,15,0,1,2024-12-27 00:10:25
GL22BLKS1,LOWE'S OF TOWSON, MD,MD,21234,0,0,1,2024-12-27 00:10:25
GL22BLKS1,LOWE'S OF CATONSVILLE, MD,MD,21228,16,0,1,2024-12-27 00:10:25
GL22BLKS1,LOWE'S OF WEST MOBILE, AL,AL,36608,0,0,1,2024-12-27 00:10:25
GL22BLKS1,LOWE'S OF ENSLEY, FL,FL,32534,0,0,1,2024-12-27 00:10:25
GL22BLKS1,LOWE'S OF MOBILE, AL,AL,36606,0,0,1,2024-12-27 00:10:25
GL22BLKS1,LOWE'S OF S.W. PENSACOLA, FL,FL,32505,0,0,1,2024-12-27 00:10:25
GL22BLKS1,LOWE'S OF S.W. MOBILE, AL,AL,36619,7,0,1,2024-12-27 00:10:25
GL22BLKS1,LOWE'S OF DAPHNE, AL,AL,36526,0,0,1,2024-12-27 00:10:25
GL22BLKS1,LOWE'S OF FOLEY, AL,AL,36535,0,0,1,2024-12-27 00:10:25
GL22BLKS1,LOWE'S OF PENSACOLA, FL,FL,32504,1,0,1,2024-12-27 00:10:25
GL22BLKS1,LOWE'S OF MILTON, FL,FL,32571,6,0,1,2024-12-27 00:10:25
GL22BLKS1,LOWE'S OF GULF BREEZE, FL,FL,32563,7,0,1,2024-12-27 00:10:25
GL22BLKS1,LOWE'S OF MURFREESBORO, TN,TN,37129,8,0,1,2024-12-27 00:10:25
GL22BLKS1,LOWE'S OF KIRKWOOD, MO,MO,63122,3,0,1,2024-12-27 00:10:25
GL22BLKS1,LOWE'S OF MAPLEWOOD, MO,MO,63143,3,0,1,2024-12-27 00:10:25
GL22BLKS1,LOWE'S OF BALLWIN, MO,MO,63011,1,0,1,2024-12-27 00:10:25
GL22BLKS1,LOWE'S OF CHESTERFIELD, MO,MO,63005,4,0,1,2024-12-27 00:10:25
GL22BLKS1,LOWE'S OF ST. CHARLES, MO,MO,63301,11,0,1,2024-12-27 00:10:25
GL22BLKS1,LOWE'S OF O'FALLON, MO,MO,63376,2,0,1,2024-12-27 00:10:25
GL22BLKS1,LOWE'S OF GLEN CARBON, IL,IL,62034,10,0,1,2024-12-27 00:10:25
GL22BLKS1,LOWE'S OF FAIRVIEW HEIGHTS, IL,IL,62208,9,0,1,2024-12-27 00:10:25
GL22BLKS1,LOWE'S OF ALTON, IL,IL,62002,14,0,1,2024-12-27 00:10:25
GL22BLKS1,LOWE'S OF S. SAINT LOUIS, MO,MO,63111,9,0,1,2024-12-27 00:10:25
GL22BLKS1,LOWE'S OF E. LINCOLN COUNTY, NC,NC,28037,7,0,1,2024-12-27 00:10:25
GL22BLKS1,LOWE'S OF HUNTERSVILLE, NC,NC,28078,6,0,1,2024-12-27 00:10:25
GL22BLKS1,LOWE'S OF STATESVILLE, NC,NC,28625,0,0,1,2024-12-27 00:10:25
GL22BLKS1,LOWE'S OF N. CONCORD, NC,NC,28083,6,0,1,2024-12-27 00:10:25
GL22BLKS1,LOWE'S OF CHARLOTTE - NORTHLAKE MALL, NC,NC,28216,4,0,1,2024-12-27 00:10:25
GL22BLKS1,LOWE'S OF MOORESVILLE, NC,NC,28117,13,0,1,2024-12-27 00:10:25
GL22BLKS1,LOWE'S OF S.W. CONCORD, NC,NC,28027,3,0,1,2024-12-27 00:10:25
GL22BLKS1,LOWE'S OF TROUTMAN, NC,NC,28166,6,0,1,2024-12-27 00:10:25
GL22BLKS1,LOWE'S OF CONCORD, NC,NC,28027,6,0,1,2024-12-27 00:10:25
GL22BLKS1,LOWE'S OF LINCOLNTON, NC,NC,28092,11,0,1,2024-12-27 00:10:25
GL22BLKS1,LOWE'S OF ALBANY, GA,GA,31707,5,0,1,2024-12-27 00:10:25
GL22BLKS1,LOWE'S OF CRESTVIEW, FL,FL,32536,0,0,1,2024-12-27 00:10:25
GL22BLKS1,LOWE'S OF DEFUNIAK SPRINGS, FL,FL,32435,0,0,1,2024-12-27 00:10:25
GL22BLKS1,LOWE'S OF N. DOTHAN, AL,AL,36303,4,0,1,2024-12-27 00:10:25
GL22BLKS1,LOWE'S OF DOTHAN, AL,AL,36301,6,0,1,2024-12-27 00:10:25
GL22BLKS1,LOWE'S OF PANAMA CITY BEACH, FL,FL,32407,2,0,1,2024-12-27 00:10:25
GL22BLKS1,LOWE'S OF MARIANNA, FL,FL,32448,0,0,1,2024-12-27 00:10:25
GL22BLKS1,LOWE'S OF PANAMA CITY, FL,FL,32405,0,0,1,2024-12-27 00:10:25
GL22BLKS1,LOWE'S OF GREENEVILLE, TN,TN,37745,13,0,1,2024-12-27 00:10:25
GL22BLKS1,LOWE'S OF SYLVA, NC,NC,28779,0,0,1,2024-12-27 00:10:25
GL22BLKS1,LOWE'S OF MARION, NC,NC,28752,0,0,1,2024-12-27 00:10:25
GL22BLKS1,LOWE'S OF LEEDS, AL,AL,35094,0,0,1,2024-12-27 00:10:25
GL22BLKS1,LOWE'S OF BESSEMER, AL,AL,35020,6,0,1,2024-12-27 00:10:25
GL22BLKS1,LOWE'S OF FULTONDALE, AL,AL,35068,0,0,1,2024-12-27 00:10:25
GL22BLKS1,LOWE'S OF TRUSSVILLE, AL,AL,35235,3,0,1,2024-12-27 00:10:25
GL22BLKS1,LOWE'S OF NORTHPORT, AL,AL,35476,5,0,1,2024-12-27 00:10:25
GL22BLKS1,LOWE'S OF TUSCALOOSA, AL,AL,35405,15,0,1,2024-12-27 00:10:25
GL22BLKS1,LOWE'S OF HOMEWOOD, AL,AL,35209,2,0,1,2024-12-27 00:10:25
GL22BLKS1,LOWE'S OF WHITE MARSH, MD,MD,21236,4,0,1,2024-12-27 00:10:25
GL22BLKS1,LOWE'S OF OWENSBORO, KY,KY,42303,10,0,1,2024-12-27 00:10:25
GL22BLKS1,LOWE'S OF VINCENNES, IN,IN,47591,13,0,1,2024-12-27 00:10:25
GL22BLKS1,LOWE'S OF HOPKINSVILLE, KY,KY,42240,6,0,1,2024-12-27 00:10:25
GL22BLKS1,LOWE'S OF E. EVANSVILLE, IN,IN,47715,19,0,1,2024-12-27 00:10:25
GL22BLKS1,LOWE'S OF E. PADUCAH, KY,KY,42003,0,0,1,2024-12-27 00:10:25
GL22BLKS1,LOWE'S OF MT. VERNON, IL,IL,62864,8,0,1,2024-12-27 00:10:25
GL22BLKS1,LOWE'S OF HENDERSON, KY,KY,42420,2,0,1,2024-12-27 00:10:25
GL22BLKS1,LOWE'S OF BEDFORD, IN,IN,47421,0,0,1,2024-12-27 00:10:25
GL22BLKS1,LOWE'S OF W. EVANSVILLE, IN,IN,47712,12,0,1,2024-12-27 00:10:25
GL22BLKS1,LOWE'S OF MADISONVILLE, KY,KY,42431,8,0,1,2024-12-27 00:10:25
GL22BLKS1,LOWE'S OF S. INDIANAPOLIS, IN,IN,46227,11,0,1,2024-12-27 00:10:25
GL22BLKS1,LOWE'S OF FRANKLIN, IN,IN,46131,0,0,1,2024-12-27 00:10:25
GL22BLKS1,LOWE'S OF W INDIANAPOLIS, IN,IN,46224,4,0,1,2024-12-27 00:10:25
GL22BLKS1,LOWE'S OF AVON, IN,IN,46123,7,0,1,2024-12-27 00:10:25
GL22BLKS1,LOWE'S OF BEECH GROVE, IN,IN,46203,10,0,1,2024-12-27 00:10:25
GL22BLKS1,LOWE'S OF E INDIANAPOLIS, IN,IN,46219,19,0,1,2024-12-27 00:10:25
GL22BLKS1,LOWE'S OF NE INDIANAPOLIS, IN,IN,46250,9,0,1,2024-12-27 00:10:25
GL22BLKS1,LOWE'S OF MOORESVILLE, IN,IN,46158,8,0,1,2024-12-27 00:10:25
GL22BLKS1,LOWE'S OF NW INDIANAPOLIS, IN,IN,46268,2,0,1,2024-12-27 00:10:25
GL22BLKS1,LOWE'S OF C. INDIANAPOLIS, IN,IN,46220,9,0,1,2024-12-27 00:10:25
GL22BLKS1,LOWE'S OF E. KNOXVILLE, TN,TN,37924,10,0,1,2024-12-27 00:10:25
GL22BLKS1,LOWE'S OF MORRISTOWN, TN,TN,37814,10,0,1,2024-12-27 00:10:25
GL22BLKS1,LOWE'S OF SEVIERVILLE, TN,TN,37876,6,0,1,2024-12-27 00:10:25
GL22BLKS1,LOWE'S OF JEFFERSON CITY, TN,TN,37760,0,0,1,2024-12-27 00:10:25
GL22BLKS1,LOWE'S OF S. KNOXVILLE, TN,TN,37920,9,0,1,2024-12-27 00:10:25
GL22BLKS1,LOWE'S OF BLOUNT COUNTY, TN,TN,37701,15,0,1,2024-12-27 00:10:25
GL22BLKS1,LOWE'S OF AIKEN, SC,SC,29803,13,0,1,2024-12-27 00:10:25
GL22BLKS1,LOWE'S OF N. AUGUSTA, SC,SC,29841,0,0,1,2024-12-27 00:10:25
GL22BLKS1,LOWE'S OF S.W. AUGUSTA, GA,GA,30906,6,0,1,2024-12-27 00:10:25
GL22BLKS1,LOWE'S OF AUGUSTA, GA,GA,30907,0,0,1,2024-12-27 00:10:25
GL22BLKS1,LOWE'S OF EVANS, GA,GA,30809,11,0,1,2024-12-27 00:10:25
GL22BLKS1,LOWE'S OF ARNOLD, MO,MO,63010,11,0,1,2024-12-27 00:10:25
GL22BLKS1,LOWE'S OF BELLEVILLE, IL,IL,62221,8,0,1,2024-12-27 00:10:25
GL22BLKS1,LOWE'S OF FENTON, MO,MO,63026,11,0,1,2024-12-27 00:10:25
GL22BLKS1,LOWE'S OF HORNELL, NY,NY,14843,0,0,1,2024-12-27 00:10:25
GL22BLKS1,LOWE'S OF BROCKPORT, NY,NY,14420,3,0,1,2024-12-27 00:10:25
GL22BLKS1,LOWE'S OF MACEDON, NY,NY,14502,7,0,1,2024-12-27 00:10:25
GL22BLKS1,LOWE'S OF WATERLOO, NY,NY,14456,10,0,1,2024-12-27 00:10:25
GL22BLKS1,LOWE'S OF WEBSTER, NY,NY,14580,8,0,1,2024-12-27 00:10:25
GL22BLKS1,LOWE'S OF GREECE, NY,NY,14626,7,0,1,2024-12-27 00:10:25
GL22BLKS1,LOWE'S OF CANANDAIGUA, NY,NY,14424,0,0,1,2024-12-27 00:10:25
GL22BLKS1,LOWE'S OF E. AMHERST, NY,NY,14221,8,0,1,2024-12-27 00:10:25
GL22BLKS1,LOWE'S OF HENRIETTA, NY,NY,14623,16,0,1,2024-12-27 00:10:25
GL22BLKS1,LOWE'S OF AUBURN, NY,NY,13021,4,0,1,2024-12-27 00:10:25
GL22BLKS1,LOWE'S OF MURPHY, NC,NC,28906,0,0,1,2024-12-27 00:10:25
GL22BLKS1,LOWE'S OF MARTINSVILLE, VA,VA,24112,4,0,1,2024-12-27 00:10:25
GL22BLKS1,LOWE'S OF BEDFORD, VA,VA,24523,0,0,1,2024-12-27 00:10:25
GL22BLKS1,LOWE'S OF LYNCHBURG, VA,VA,24502,0,0,1,2024-12-27 00:10:25
GL22BLKS1,LOWE'S OF APACHE JUNCTION, AZ,AZ,85209,52,0,1,2024-12-27 00:10:25
GL22BLKS1,LOWE'S OF GILBERT, AZ,AZ,85296,3,0,1,2024-12-27 00:10:25
GL22BLKS1,LOWE'S OF TEMPE, AZ,AZ,85283,0,0,1,2024-12-27 00:10:25
GL22BLKS1,LOWE'S OF S. PHOENIX, AZ,AZ,85041,8,0,1,2024-12-27 00:10:25
GL22BLKS1,LOWE'S OF E. CHANDLER, AZ,AZ,85224,8,0,1,2024-12-27 00:10:25
GL22BLKS1,LOWE'S OF E. GILBERT, AZ,AZ,85297,10,0,1,2024-12-27 00:10:25
GL22BLKS1,LOWE'S OF E. MESA, AZ,AZ,85206,2,0,1,2024-12-27 00:10:25
GL22BLKS1,LOWE'S OF OCOTILLO, AZ,AZ,85248,9,0,1,2024-12-27 00:10:25
GL22BLKS1,LOWE'S OF W. CHANDLER, AZ,AZ,85226,4,0,1,2024-12-27 00:10:25
GL22BLKS1,LOWE'S OF S. SCOTTSDALE, AZ,AZ,85257,0,0,1,2024-12-27 00:10:25
GL22BLKS1,LOWE'S OF BARBOURSVILLE, WV,WV,25504,4,0,1,2024-12-27 00:10:25
GL22BLKS1,LOWE'S OF BURLINGTON, OH,OH,45680,9,0,1,2024-12-27 00:10:25
GL22BLKS1,LOWE'S OF RUSSELL, KY,KY,41101,10,0,1,2024-12-27 00:10:25
GL22BLKS1,LOWE'S OF FAYETTEVILLE, WV,WV,25840,0,0,1,2024-12-27 00:10:25
GL22BLKS1,LOWE'S OF LOGAN, WV,WV,25601,0,0,1,2024-12-27 00:10:25
GL22BLKS1,LOWE'S OF BECKLEY, WV,WV,25801,9,0,1,2024-12-27 00:10:25
GL22BLKS1,LOWE'S OF SUMMERSVILLE, WV,WV,26651,9,0,1,2024-12-27 00:10:25
GL22BLKS1,LOWE'S OF STOCKBRIDGE, GA,GA,30281,10,0,1,2024-12-27 00:10:25
GL22BLKS1,LOWE'S OF MCDONOUGH, GA,GA,30253,6,0,1,2024-12-27 00:10:25
GL22BLKS1,LOWE'S OF FAYETTEVILLE, GA,GA,30214,16,0,1,2024-12-27 00:10:25
GL22BLKS1,LOWE'S OF DOUGLASVILLE, GA,GA,30135,9,0,1,2024-12-27 00:10:25
GL22BLKS1,LOWE'S OF ATLANTA-EDGEWOOD, GA,GA,30307,4,0,1,2024-12-27 00:10:25
GL22BLKS1,LOWE'S OF CONYERS, GA,GA,30013,8,0,1,2024-12-27 00:10:25
GL22BLKS1,LOWE'S OF NEWNAN, GA,GA,30265,1,0,1,2024-12-27 00:10:25
GL22BLKS1,LOWE'S OF GRIFFIN, GA,GA,30223,0,0,1,2024-12-27 00:10:25
GL22BLKS1,LOWE'S OF S. DEKALB-LITHONIA, GA,GA,30038,12,0,1,2024-12-27 00:10:25
GL22BLKS1,LOWE'S OF CAMP CREEK, GA,GA,30344,2,0,1,2024-12-27 00:10:25
GL22BLKS1,LOWE'S OF FAYETTEVILLE, AR,AR,72703,13,0,1,2024-12-27 00:10:25
GL22BLKS1,LOWE'S OF S. FAYETTEVILLE, AR,AR,72704,18,0,1,2024-12-27 00:10:25
GL22BLKS1,LOWE'S OF FRANKLIN SQUARE, NC,NC,28056,7,0,1,2024-12-27 00:10:25
GL22BLKS1,LOWE'S OF N. HICKORY, NC,NC,28601,11,0,1,2024-12-27 00:10:25
GL22BLKS1,LOWE'S OF BELMONT, NC,NC,28012,1,0,1,2024-12-27 00:10:25
GL22BLKS1,LOWE'S OF SHELBY, NC,NC,28150,4,0,1,2024-12-27 00:10:25
GL22BLKS1,LOWE'S OF HICKORY, NC,NC,28602,11,0,1,2024-12-27 00:10:25
GL22BLKS1,LOWE'S OF SHELBYVILLE, KY,KY,40065,13,0,1,2024-12-27 00:10:25
GL22BLKS1,LOWE'S OF FRANKLIN, VA,VA,23851,0,0,1,2024-12-27 00:10:25
GL22BLKS1,LOWE'S OF GULFPORT, MS,MS,39501,0,0,1,2024-12-27 00:10:25
GL22BLKS1,LOWE'S OF GAUTIER, MS,MS,39553,2,0,1,2024-12-27 00:10:25
GL22BLKS1,LOWE'S OF WAVELAND, MS,MS,39576,0,0,1,2024-12-27 00:10:25
GL22BLKS1,LOWE'S OF D'IBERVILLE, MS,MS,39540,0,0,1,2024-12-27 00:10:25
GL22BLKS1,LOWE'S OF PASCAGOULA, MS,MS,39581,9,0,1,2024-12-27 00:10:25
GL22BLKS1,LOWE'S OF SOUTHFIELD, MI,MI,48034,9,0,1,2024-12-27 00:10:25
GL22BLKS1,LOWE'S OF WARREN, MI,MI,48093,4,0,1,2024-12-27 00:10:25
GL22BLKS1,LOWE'S OF STERLING HEIGHTS, MI,MI,48310,0,0,1,2024-12-27 00:10:25
GL22BLKS1,LOWE'S OF MADISON HEIGHTS, MI,MI,48071,8,0,1,2024-12-27 00:10:25
GL22BLKS1,LOWE'S OF CLINTON TOWNSHIP, MI,MI,48038,4,0,1,2024-12-27 00:10:25
GL22BLKS1,LOWE'S OF FAIRFAX, VA,VA,22030,0,0,1,2024-12-27 00:10:25
GL22BLKS1,LOWE'S OF CHANTILLY, VA,VA,20151,2,0,1,2024-12-27 00:10:25
GL22BLKS1,LOWE'S OF SALISBURY, MD,MD,21801,6,0,1,2024-12-27 00:10:25
GL22BLKS1,LOWE'S OF TAPPAHANNOCK, VA,VA,22560,8,0,1,2024-12-27 00:10:25
GL22BLKS1,LOWE'S OF EASTON, MD,MD,21601,4,0,1,2024-12-27 00:10:25
GL22BLKS1,LOWE'S OF ST MARY'S COUNTY, MD,MD,20619,19,0,1,2024-12-27 00:10:25
GL22BLKS1,LOWE'S OF SPRING HILL, TN,TN,37174,4,0,1,2024-12-27 00:10:25
GL22BLKS1,LOWE'S OF COLUMBIA, TN,TN,38401,12,0,1,2024-12-27 00:10:25
GL22BLKS1,LOWE'S OF SHELBYVILLE, TN,TN,37160,0,0,1,2024-12-27 00:10:25
GL22BLKS1,LOWE'S OF N. SPRINGFIELD, MO,MO,65803,25,0,1,2024-12-27 00:10:25
GL22BLKS1,LOWE'S OF HOLLISTER, MO,MO,65672,8,0,1,2024-12-27 00:10:25
GL22BLKS1,LOWE'S OF SPRINGFIELD, MO,MO,65804,0,0,1,2024-12-27 00:10:25
GL22BLKS1,LOWE'S OF LEBANON, MO,MO,65536,0,0,1,2024-12-27 00:10:25
GL22BLKS1,LOWE'S OF OZARK, MO,MO,65721,17,0,1,2024-12-27 00:10:25
GL22BLKS1,LOWE'S OF OXFORD, AL,AL,36203,9,0,1,2024-12-27 00:10:25
GL22BLKS1,LOWE'S OF CARROLLTON, GA,GA,30117,9,0,1,2024-12-27 00:10:25
GL22BLKS1,LOWE'S OF RIO RANCHO, NM,NM,87124,4,0,1,2024-12-27 00:10:25
GL22BLKS1,LOWE'S OF FARMINGTON, NM,NM,87402,11,0,1,2024-12-27 00:10:25
GL22BLKS1,LOWE'S OF E. ALBUQUERQUE, NM,NM,87111,12,0,1,2024-12-27 00:10:25
GL22BLKS1,LOWE'S OF SANTA FE, NM,NM,87507,0,0,1,2024-12-27 00:10:25
GL22BLKS1,LOWE'S OF ALAMOGORDO, NM,NM,88310,0,0,1,2024-12-27 00:10:25
GL22BLKS1,LOWE'S OF NE ALBUQUERQUE, NM,NM,87113,10,0,1,2024-12-27 00:10:25
GL22BLKS1,LOWE'S OF LOS LUNAS, NM,NM,87031,0,0,1,2024-12-27 00:10:25
GL22BLKS1,LOWE'S OF ESPANOLA, NM,NM,87532,0,0,1,2024-12-27 00:10:25
GL22BLKS1,LOWE'S OF N.W. ALBUQUERQUE, NM,NM,87114,4,0,1,2024-12-27 00:10:25
GL22BLKS1,LOWE'S OF CENTRAL ALBUQUERQUE, NM,NM,87104,6,0,1,2024-12-27 00:10:25
GL22BLKS1,LOWE'S OF GOSHEN, IN,IN,46526,6,0,1,2024-12-27 00:10:25
GL22BLKS1,LOWE'S OF HOLLAND, MI,MI,49424,3,0,1,2024-12-27 00:10:25
GL22BLKS1,LOWE'S OF PORTAGE, MI,MI,49002,8,0,1,2024-12-27 00:10:25
GL22BLKS1,LOWE'S OF NILES, MI,MI,49120,0,0,1,2024-12-27 00:10:25
GL22BLKS1,LOWE'S OF MISHAWAKA, IN,IN,46545,4,0,1,2024-12-27 00:10:25
GL22BLKS1,LOWE'S OF KALAMAZOO, MI,MI,49009,14,0,1,2024-12-27 00:10:25
GL22BLKS1,LOWE'S OF BATTLE CREEK, MI,MI,49014,4,0,1,2024-12-27 00:10:25
GL22BLKS1,LOWE'S OF ELKHART, IN,IN,46514,8,0,1,2024-12-27 00:10:25
GL22BLKS1,LOWE'S OF BENTON HARBOR, MI,MI,49022,13,0,1,2024-12-27 00:10:25
GL22BLKS1,LOWE'S OF GRANDVILLE, MI,MI,49418,12,0,1,2024-12-27 00:10:25
GL22BLKS1,LOWE'S OF HOLLY SPRINGS, NC,NC,27540,0,0,1,2024-12-27 00:10:25
GL22BLKS1,LOWE'S OF LUMBERTON, NC,NC,28358,6,0,1,2024-12-27 00:10:25
GL22BLKS1,LOWE'S OF ERWIN, NC,NC,28339,0,0,1,2024-12-27 00:10:25
GL22BLKS1,LOWE'S OF SANFORD, NC,NC,27332,5,0,1,2024-12-27 00:10:25
GL22BLKS1,LOWE'S OF N FAYETTEVILLE, NC,NC,28311,6,0,1,2024-12-27 00:10:25
GL22BLKS1,LOWE'S OF W. FAYETTEVILLE, NC,NC,28304,2,0,1,2024-12-27 00:10:25
GL22BLKS1,LOWE'S OF FAYETTEVILLE, NC,NC,28314,0,0,1,2024-12-27 00:10:25
GL22BLKS1,LOWE'S OF HOPE MILLS, NC,NC,28348,8,0,1,2024-12-27 00:10:25
GL22BLKS1,LOWE'S OF SOUTHERN PINES, NC,NC,28387,0,0,1,2024-12-27 00:10:25
GL22BLKS1,LOWE'S OF CLINTON, NC,NC,28328,0,0,1,2024-12-27 00:10:25
GL22BLKS1,LOWE'S OF ROBINSON TOWNSHIP, PA,PA,15275,12,0,1,2024-12-27 00:10:25
GL22BLKS1,LOWE'S OF MCCANDLESS, PA,PA,15237,0,0,1,2024-12-27 00:10:25
GL22BLKS1,LOWE'S OF HOMESTEAD, PA,PA,15120,10,0,1,2024-12-27 00:10:25
GL22BLKS1,LOWE'S OF WEST MIFFLIN, PA,PA,15122,0,0,1,2024-12-27 00:10:25
GL22BLKS1,LOWE'S OF MONROEVILLE, PA,PA,15146,16,0,1,2024-12-27 00:10:25
GL22BLKS1,LOWE'S OF SCOTT TOWNSHIP, PA,PA,15106,0,0,1,2024-12-27 00:10:25
GL22BLKS1,LOWE'S OF GREENSBURG, PA,PA,15601,12,0,1,2024-12-27 00:10:25
GL22BLKS1,LOWE'S OF BETHEL PARK, PA,PA,15102,0,0,1,2024-12-27 00:10:25
GL22BLKS1,LOWE'S OF N.E. PITTSBURGH, PA,PA,15084,11,0,1,2024-12-27 00:10:25
GL22BLKS1,LOWE'S OF RICHLAND TOWNSHIP, PA,PA,15044,9,0,1,2024-12-27 00:10:25
GL22BLKS1,LOWE'S OF LAS VEGAS, NV,NV,89119,2,0,1,2024-12-27 00:10:25
GL22BLKS1,LOWE'S OF W. SPRING VALLEY, NV,NV,89148,0,0,1,2024-12-27 00:10:25
GL22BLKS1,LOWE'S OF SUNRISE, NV,NV,89104,9,0,1,2024-12-27 00:10:25
GL22BLKS1,LOWE'S OF N.E. LAS VEGAS, NV,NV,89115,11,0,1,2024-12-27 00:10:25
GL22BLKS1,LOWE'S OF CENTENNIAL HILLS, NV,NV,89143,0,0,1,2024-12-27 00:10:25
GL22BLKS1,LOWE'S OF N.W. LAS VEGAS, NV,NV,89130,3,0,1,2024-12-27 00:10:25
GL22BLKS1,LOWE'S OF NORTH LAS VEGAS, NV,NV,89030,13,0,1,2024-12-27 00:10:25
GL22BLKS1,LOWE'S OF SUMMERLIN, NV,NV,89128,4,0,1,2024-12-27 00:10:25
GL22BLKS1,LOWE'S OF W. SUMMERLIN, NV,NV,89144,6,0,1,2024-12-27 00:10:25
GL22BLKS1,LOWE'S OF C. LAS VEGAS, NV,NV,89102,5,0,1,2024-12-27 00:10:25
GL22BLKS1,LOWE'S OF GREENVILLE, NC,NC,28590,5,0,1,2024-12-27 00:10:25
GL22BLKS1,LOWE'S OF TARBORO, NC,NC,27886,0,0,1,2024-12-27 00:10:25
GL22BLKS1,LOWE'S OF GOLDSBORO, NC,NC,27534,9,0,1,2024-12-27 00:10:25
GL22BLKS1,LOWE'S OF WILSON, NC,NC,27893,2,0,1,2024-12-27 00:10:25
GL22BLKS1,LOWE'S OF NEW BERN, NC,NC,28562,3,0,1,2024-12-27 00:10:25
GL22BLKS1,LOWE'S OF WASHINGTON, NC,NC,27889,9,0,1,2024-12-27 00:10:25
GL22BLKS1,LOWE'S OF E GREENVILLE, NC,NC,27858,0,0,1,2024-12-27 00:10:25
GL22BLKS1,LOWE'S OF JACKSONVILLE, NC,NC,28546,7,0,1,2024-12-27 00:10:25
GL22BLKS1,LOWE'S OF KINSTON, NC,NC,28504,0,0,1,2024-12-27 00:10:25
GL22BLKS1,LOWE'S OF ROCKY MOUNT, NC,NC,27804,3,0,1,2024-12-27 00:10:25
GL22BLKS1,LOWE'S OF DANVILLE, VA,VA,24540,12,0,1,2024-12-27 00:10:25
GL22BLKS1,LOWE'S OF REIDSVILLE, NC,NC,27320,1,0,1,2024-12-27 00:10:25
GL22BLKS1,LOWE'S OF ROXBORO, NC,NC,27573,0,0,1,2024-12-27 00:10:25
GL22BLKS1,LOWE'S OF SOUTH BOSTON, VA,VA,24592,0,0,1,2024-12-27 00:10:25
GL22BLKS1,LOWE'S OF MAYODAN, NC,NC,27027,0,0,1,2024-12-27 00:10:25
GL22BLKS1,LOWE'S OF N.E. GREENSBORO, NC,NC,27405,6,0,1,2024-12-27 00:10:25
GL22BLKS1,LOWE'S OF MEBANE, NC,NC,27302,4,0,1,2024-12-27 00:10:25
GL22BLKS1,LOWE'S OF BURLINGTON, NC,NC,27215,4,0,1,2024-12-27 00:10:25
GL22BLKS1,LOWE'S OF SCOTTSDALE, AZ,AZ,85254,13,0,1,2024-12-27 00:10:25
GL22BLKS1,LOWE'S OF HAPPY VALLEY, AZ,AZ,85085,2,0,1,2024-12-27 00:10:25
GL22BLKS1,LOWE'S OF N. PHOENIX, AZ,AZ,85053,0,0,1,2024-12-27 00:10:25
GL22BLKS1,LOWE'S OF GLENDALE, AZ,AZ,85301,5,0,1,2024-12-27 00:10:25
GL22BLKS1,LOWE'S OF CAREFREE, AZ,AZ,85377,0,0,1,2024-12-27 00:10:25
GL22BLKS1,LOWE'S OF OSWEGO, NY,NY,13126,0,0,1,2024-12-27 00:10:25
GL22BLKS1,LOWE'S OF CICERO, NY,NY,13039,6,0,1,2024-12-27 00:10:25
GL22BLKS1,LOWE'S OF SYRACUSE, NY,NY,13224,11,0,1,2024-12-27 00:10:25
GL22BLKS1,LOWE'S OF ROME, NY,NY,13440,10,0,1,2024-12-27 00:10:25
GL22BLKS1,LOWE'S OF CLAY, NY,NY,13090,0,0,1,2024-12-27 00:10:25
GL22BLKS1,LOWE'S OF POTSDAM, NY,NY,13676,0,0,1,2024-12-27 00:10:25
GL22BLKS1,LOWE'S OF WATERTOWN, NY,NY,13601,8,0,1,2024-12-27 00:10:25
GL22BLKS1,LOWE'S OF CAMILLUS, NY,NY,13031,0,0,1,2024-12-27 00:10:25
GL22BLKS1,LOWE'S OF ONEIDA, NY,NY,13421,5,0,1,2024-12-27 00:10:25
GL22BLKS1,LOWE'S OF OGDENSBURG, NY,NY,13669,0,0,1,2024-12-27 00:10:25
GL22BLKS1,LOWE'S OF C. HENDERSON, NV,NV,89015,7,0,1,2024-12-27 00:10:25
GL22BLKS1,LOWE'S OF W. HENDERSON, NV,NV,89183,1,0,1,2024-12-27 00:10:25
GL22BLKS1,LOWE'S OF HENDERSON, NV,NV,89014,3,0,1,2024-12-27 00:10:25
GL22BLKS1,LOWE'S OF MONROE, NC,NC,28110,2,0,1,2024-12-27 00:10:25
GL22BLKS1,LOWE'S OF LAURINBURG, NC,NC,28352,0,0,1,2024-12-27 00:10:25
GL22BLKS1,LOWE'S OF ROCKINGHAM, NC,NC,28379,6,0,1,2024-12-27 00:10:25
GL22BLKS1,LOWE'S OF HARTSVILLE, SC,SC,29550,0,0,1,2024-12-27 00:10:25
GL22BLKS1,LOWE'S OF ALBEMARLE, NC,NC,28001,4,0,1,2024-12-27 00:10:25
GL22BLKS1,LOWE'S OF LEWISBURG, WV,WV,24901,0,0,1,2024-12-27 00:10:25
GL22BLKS1,LOWE'S OF BUCKHANNON, WV,WV,26201,0,0,1,2024-12-27 00:10:25
GL22BLKS1,LOWE'S OF BUCKEYE, AZ,AZ,85326,7,0,1,2024-12-27 00:10:25
GL22BLKS1,LOWE'S OF PEORIA, AZ,AZ,85381,0,0,1,2024-12-27 00:10:25
GL22BLKS1,LOWE'S OF W. PHOENIX, AZ,AZ,85035,2,0,1,2024-12-27 00:10:25
GL22BLKS1,LOWE'S OF GOODYEAR, AZ,AZ,85338,9,0,1,2024-12-27 00:10:25
GL22BLKS1,LOWE'S OF N. PEORIA, AZ,AZ,85383,4,0,1,2024-12-27 00:10:25
GL22BLKS1,LOWE'S OF SURPRISE, AZ,AZ,85374,7,0,1,2024-12-27 00:10:25
GL22BLKS1,LOWE'S OF JEFFERSON HIGHWAY, LA,LA,70121,0,0,1,2024-12-27 00:10:25
GL22BLKS1,LOWE'S OF METAIRIE, LA,LA,70002,7,0,1,2024-12-27 00:10:25
GL22BLKS1,LOWE'S OF CENTRAL NEW ORLEANS, LA,LA,70117,3,0,1,2024-12-27 00:10:25
GL22BLKS1,LOWE'S OF HARVEY, LA,LA,70058,7,0,1,2024-12-27 00:10:25
GL22BLKS1,LOWE'S OF SLIDELL, LA,LA,70461,3,0,1,2024-12-27 00:10:25
GL22BLKS1,LOWE'S OF MARRERO, LA,LA,70072,9,0,1,2024-12-27 00:10:25
GL22BLKS1,LOWE'S OF NEWBERRY, SC,SC,29108,0,0,1,2024-12-27 00:10:25
GL22BLKS1,LOWE'S OF SOUTHPORT, NC,NC,28461,6,0,1,2024-12-27 00:10:25
GL22BLKS1,LOWE'S OF N MYRTLE BEACH, SC,SC,29582,1,0,1,2024-12-27 00:10:25
GL22BLKS1,LOWE'S OF LELAND, NC,NC,28451,0,0,1,2024-12-27 00:10:25
GL22BLKS1,LOWE'S OF MYRTLE BEACH, SC,SC,29577,1,0,1,2024-12-27 00:10:25
GL22BLKS1,LOWE'S OF PORTERS NECK, NC,NC,28411,0,0,1,2024-12-27 00:10:25
GL22BLKS1,LOWE'S OF SHALLOTTE, NC,NC,28470,2,0,1,2024-12-27 00:10:25
GL22BLKS1,LOWE'S OF CONWAY, SC,SC,29526,4,0,1,2024-12-27 00:10:25
GL22BLKS1,LOWE'S OF UNIVERSITY CENTRE, NC,NC,28403,2,0,1,2024-12-27 00:10:25
GL22BLKS1,LOWE'S OF S. WILMINGTON, NC,NC,28412,1,0,1,2024-12-27 00:10:25
GL22BLKS1,LOWE'S OF WHITEVILLE, NC,NC,28472,0,0,1,2024-12-27 00:10:25
GL22BLKS1,LOWE'S OF WILKESBORO, NC,NC,28697,6,0,1,2024-12-27 00:10:25
GL22BLKS1,LOWE'S OF BLUEFIELD, VA,VA,24605,0,0,1,2024-12-27 00:10:25
GL22BLKS1,LOWE'S OF ELKIN, NC,NC,28621,0,0,1,2024-12-27 00:10:25
GL22BLKS1,LOWE'S OF WEST JEFFERSON, NC,NC,28694,0,0,1,2024-12-27 00:10:25
GL22BLKS1,LOWE'S OF MT. AIRY, NC,NC,27030,10,0,1,2024-12-27 00:10:25
GL22BLKS1,LOWE'S OF SURFSIDE, SC,SC,29588,9,0,1,2024-12-27 00:10:25
GL22BLKS1,LOWE'S OF S FLORENCE, SC,SC,29505,9,0,1,2024-12-27 00:10:25
GL22BLKS1,LOWE'S OF FLORENCE, SC,SC,29501,9,0,1,2024-12-27 00:10:25
GL22BLKS1,LOWE'S OF LIBERTY, MO,MO,64068,13,0,1,2024-12-27 00:10:25
GL22BLKS1,LOWE'S OF EAST KANSAS CITY, MO,MO,64133,0,0,1,2024-12-27 00:10:25
GL22BLKS1,LOWE'S OF INDEPENDENCE, MO,MO,64055,9,0,1,2024-12-27 00:10:25
GL22BLKS1,LOWE'S OF LEE'S SUMMIT, MO,MO,64081,0,0,1,2024-12-27 00:10:25
GL22BLKS1,LOWE'S OF SAVANNAH,TN,TN,38372,0,0,1,2024-12-27 00:10:25
GL22BLKS1,LOWE'S OF CORINTH, MS,MS,38834,8,0,1,2024-12-27 00:10:25
GL22BLKS1,LOWE'S OF MUSCLE SHOALS, AL,AL,35661,13,0,1,2024-12-27 00:10:25
GL22BLKS1,LOWE'S OF FLORENCE, AL,AL,35630,9,0,1,2024-12-27 00:10:25
GL22BLKS1,LOWE'S OF MOUNTAIN HOME, AR,AR,72653,7,0,1,2024-12-27 00:10:25
GL22BLKS1,LOWE'S OF GREENWOOD VILLAGE, CO,CO,80111,5,0,1,2024-12-27 00:10:25
GL22BLKS1,LOWE'S OF N. FORT WAYNE, IN,IN,46818,11,0,1,2024-12-27 00:10:25
GL22BLKS1,LOWE'S OF W. FT. WAYNE, IN,IN,46804,6,0,1,2024-12-27 00:10:25
GL22BLKS1,LOWE'S OF E. FT. WAYNE, IN,IN,46805,8,0,1,2024-12-27 00:10:25
GL22BLKS1,LOWE'S OF BLUFFTON, IN,IN,46714,0,0,1,2024-12-27 00:10:25
GL22BLKS1,LOWE'S OF LIMA, OH,OH,45807,12,0,1,2024-12-27 00:10:25
GL22BLKS1,LOWE'S OF DEFIANCE, OH,OH,43512,9,0,1,2024-12-27 00:10:25
GL22BLKS1,LOWE'S OF MARION, IN,IN,46953,0,0,1,2024-12-27 00:10:25
GL22BLKS1,LOWE'S OF WARSAW, IN,IN,46582,8,0,1,2024-12-27 00:10:25
GL22BLKS1,LOWE'S OF BAYONNE, NJ,NJ,07002,0,0,1,2024-12-27 00:10:25
GL22BLKS1,LOWE'S OF JERSEY CITY, NJ,NJ,07304,4,0,1,2024-12-27 00:10:25
GL22BLKS1,LOWE'S OF N. BERGEN, NJ,NJ,07047,4,0,1,2024-12-27 00:10:25
GL22BLKS1,LOWE'S OF PATERSON, NJ,NJ,07504,2,0,1,2024-12-27 00:10:25
GL22BLKS1,LOWE'S OF N.W. STATEN ISLAND, NY,NY,10303,6,0,1,2024-12-27 00:10:25
GL22BLKS1,LOWE'S OF BROOKLYN, NY,NY,11215,11,0,1,2024-12-27 00:10:25
GL22BLKS1,LOWE'S OF PARAMUS, NJ,NJ,07652,4,0,1,2024-12-27 00:10:25
GL22BLKS1,LOWE'S OF YONKERS, NY,NY,10710,5,0,1,2024-12-27 00:10:25
GL22BLKS1,LOWE'S OF E. RUTHERFORD, NJ,NJ,07073,9,0,1,2024-12-27 00:10:25
GL22BLKS1,LOWE'S OF BROOKLYN - KINGS PLAZA, NY,NY,11234,0,0,1,2024-12-27 00:10:25
GL22BLKS1,LOWE'S OF TIGARD, OR,OR,97223,0,0,1,2024-12-27 00:10:25
GL22BLKS1,LOWE'S OF LACAMAS LAKE, WA,WA,98683,4,0,1,2024-12-27 00:10:25
GL22BLKS1,LOWE'S OF CLACKAMAS COUNTY, OR,OR,97222,5,0,1,2024-12-27 00:10:25
GL22BLKS1,LOWE'S OF HILLSBORO, OR,OR,97123,5,0,1,2024-12-27 00:10:25
GL22BLKS1,LOWE'S OF WOOD VILLAGE, OR,OR,97060,5,0,1,2024-12-27 00:10:25
GL22BLKS1,LOWE'S OF MCMINNVILLE, OR,OR,97128,5,0,1,2024-12-27 00:10:25
GL22BLKS1,LOWE'S OF PORTLAND-DELTA PARK, OR,OR,97217,14,0,1,2024-12-27 00:10:25
GL22BLKS1,LOWE'S OF E. VANCOUVER, WA,WA,98662,3,0,1,2024-12-27 00:10:25
GL22BLKS1,LOWE'S OF INDIAN TRAIL, NC,NC,28079,10,0,1,2024-12-27 00:10:25
GL22BLKS1,LOWE'S OF LONGVIEW, WA,WA,98632,4,0,1,2024-12-27 00:10:25
GL22BLKS1,LOWE'S OF GREENWOOD, SC,SC,29649,8,0,1,2024-12-27 00:10:25
GL22BLKS1,LOWE'S OF HERMITAGE, PA,PA,16148,7,0,1,2024-12-27 00:10:25
GL22BLKS1,LOWE'S OF MONACA, PA,PA,15061,13,0,1,2024-12-27 00:10:25
GL22BLKS1,LOWE'S OF BOARDMAN, OH,OH,44514,7,0,1,2024-12-27 00:10:25
GL22BLKS1,LOWE'S OF UNION TOWNSHIP, PA,PA,16101,11,0,1,2024-12-27 00:10:25
GL22BLKS1,LOWE'S OF BUTLER, PA,PA,16001,9,0,1,2024-12-27 00:10:25
GL22BLKS1,LOWE'S OF TRUMBULL COUNTY, OH,OH,44484,3,0,1,2024-12-27 00:10:25
GL22BLKS1,LOWE'S OF CRANBERRY TOWNSHIP, PA,PA,16066,10,0,1,2024-12-27 00:10:25
GL22BLKS1,LOWE'S OF N. EL PASO, TX,TX,79924,0,0,1,2024-12-27 00:10:25
GL22BLKS1,LOWE'S OF LAS CRUCES, NM,NM,88001,9,0,1,2024-12-27 00:10:25
GL22BLKS1,LOWE'S OF SIERRA VISTA, AZ,AZ,85635,12,0,1,2024-12-27 00:10:25
GL22BLKS1,LOWE'S OF E. EL PASO, TX,TX,79936,6,0,1,2024-12-27 00:10:25
GL22BLKS1,LOWE'S OF HOBBS, NM,NM,88240,0,0,1,2024-12-27 00:10:25
GL22BLKS1,LOWE'S OF FAR EAST EL PASO, TX,TX,79938,6,0,1,2024-12-27 00:10:25
GL22BLKS1,LOWE'S OF W. EL PASO, TX,TX,79912,15,0,1,2024-12-27 00:10:25
GL22BLKS1,LOWE'S OF CARLSBAD, NM,NM,88220,8,0,1,2024-12-27 00:10:25
GL22BLKS1,LOWE'S OF S. JACKSONVILLE, NC,NC,28540,4,0,1,2024-12-27 00:10:25
GL22BLKS1,LOWE'S OF SURF CITY, NC,NC,28443,15,0,1,2024-12-27 00:10:25
GL22BLKS1,LOWE'S OF NORTH WINSTON, NC,NC,27105,4,0,1,2024-12-27 00:10:25
GL22BLKS1,LOWE'S OF NORTH GREENSBORO, NC,NC,27408,0,0,1,2024-12-27 00:10:25
GL22BLKS1,LOWE'S OF WINSTON WEST, NC,NC,27103,0,0,1,2024-12-27 00:10:25
GL22BLKS1,LOWE'S OF SW GREENSBORO, NC,NC,27407,4,0,1,2024-12-27 00:10:25
GL22BLKS1,LOWE'S OF S. WINSTON-SALEM, NC,NC,27127,6,0,1,2024-12-27 00:10:25
GL22BLKS1,LOWE'S OF NORTH HIGH POINT, NC,NC,27265,8,0,1,2024-12-27 00:10:25
GL22BLKS1,LOWE'S OF S.E. GREENSBORO, NC,NC,27406,0,0,1,2024-12-27 00:10:25
GL22BLKS1,LOWE'S OF KERNERSVILLE, NC,NC,27284,8,0,1,2024-12-27 00:10:25
GL22BLKS1,LOWE'S OF SULPHUR, LA,LA,70663,0,0,1,2024-12-27 00:10:25
GL22BLKS1,LOWE'S OF PORT ARTHUR, TX,TX,77640,0,0,1,2024-12-27 00:10:25
GL22BLKS1,LOWE'S OF BEAUMONT, TX,TX,77706,4,0,1,2024-12-27 00:10:25
GL22BLKS1,LOWE'S OF LAKE CHARLES, LA,LA,70607,0,0,1,2024-12-27 00:10:25
GL22BLKS1,LOWE'S OF OLIVE BRANCH, MS,MS,38654,3,0,1,2024-12-27 00:10:25
GL22BLKS1,LOWE'S OF BATESVILLE, MS,MS,38606,3,0,1,2024-12-27 00:10:25
GL22BLKS1,LOWE'S OF NEW ALBANY, MS,MS,38652,0,0,1,2024-12-27 00:10:25
GL22BLKS1,LOWE'S OF COLLIERVILLE, TN,TN,38017,8,0,1,2024-12-27 00:10:25
GL22BLKS1,LOWE'S OF S.E. MEMPHIS, TN,TN,38125,7,0,1,2024-12-27 00:10:25
GL22BLKS1,LOWE'S OF SOUTHAVEN, MS,MS,38671,6,0,1,2024-12-27 00:10:25
GL22BLKS1,LOWE'S OF MEMPHIS, TN,TN,38122,2,0,1,2024-12-27 00:10:25
GL22BLKS1,LOWE'S OF MILLINGTON, TN,TN,38053,0,0,1,2024-12-27 00:10:25
GL22BLKS1,LOWE'S OF GERMANTOWN PARKWAY, TN,TN,38018,8,0,1,2024-12-27 00:10:25
GL22BLKS1,LOWE'S OF E. BARTLETT, TN,TN,38133,11,0,1,2024-12-27 00:10:25
GL22BLKS1,LOWE'S OF PHILADELPHIA, MS,MS,39350,0,0,1,2024-12-27 00:10:25
GL22BLKS1,LOWE'S OF MERIDIAN, MS,MS,39301,5,0,1,2024-12-27 00:10:25
GL22BLKS1,LOWE'S OF STARKVILLE, MS,MS,39759,5,0,1,2024-12-27 00:10:25
GL22BLKS1,LOWE'S OF COLUMBUS, MS,MS,39705,5,0,1,2024-12-27 00:10:25
GL22BLKS1,LOWE'S OF TUPELO, MS,MS,38804,5,0,1,2024-12-27 00:10:25
GL22BLKS1,LOWE'S OF S.E. COLUMBUS, OH,OH,43232,4,0,1,2024-12-27 00:10:25
GL22BLKS1,LOWE'S OF REYNOLDSBURG, OH,OH,43068,6,0,1,2024-12-27 00:10:25
GL22BLKS1,LOWE'S OF S.W. COLUMBUS, OH,OH,43228,13,0,1,2024-12-27 00:10:25
GL22BLKS1,LOWE'S OF CENTRAL COLUMBUS, OH,OH,43211,28,0,1,2024-12-27 00:10:25
GL22BLKS1,LOWE'S OF WEST COLUMBUS, OH,OH,43026,14,0,1,2024-12-27 00:10:25
GL22BLKS1,LOWE'S OF E. COLUMBUS, OH,OH,43213,18,0,1,2024-12-27 00:10:25
GL22BLKS1,LOWE'S OF DUBLIN, OH,OH,43017,9,0,1,2024-12-27 00:10:25
GL22BLKS1,LOWE'S OF S. COLUMBUS, OH,OH,43207,13,0,1,2024-12-27 00:10:25
GL22BLKS1,LOWE'S OF N.E. COLUMBUS, OH,OH,43219,5,0,1,2024-12-27 00:10:25
GL22BLKS1,LOWE'S OF N COLUMBUS, OH,OH,43240,14,0,1,2024-12-27 00:10:25
GL22BLKS1,LOWE'S OF BLYTHEVILLE, AR,AR,72315,0,0,1,2024-12-27 00:10:25
GL22BLKS1,LOWE'S OF CHAMPAIGN, IL,IL,61822,8,0,1,2024-12-27 00:10:25
GL22BLKS1,LOWE'S OF N. CONWAY, NH,NH,03818,0,0,1,2024-12-27 00:10:25
GL22BLKS1,LOWE'S OF PLATTSBURGH, NY,NY,12901,83,0,1,2024-12-27 00:10:25
GL22BLKS1,LOWE'S OF S. BURLINGTON, VT,VT,05403,0,0,1,2024-12-27 00:10:25
GL22BLKS1,LOWE'S OF AMSTERDAM, NY,NY,12010,42,0,1,2024-12-27 00:10:25
GL22BLKS1,LOWE'S OF LITTLETON, NH,NH,03561,38,0,1,2024-12-27 00:10:25
GL22BLKS1,LOWE'S OF SARATOGA SPRINGS, NY,NY,12866,35,0,1,2024-12-27 00:10:25
GL22BLKS1,LOWE'S OF ESSEX, VT,VT,05452,0,0,1,2024-12-27 00:10:25
GL22BLKS1,LOWE'S OF GLENS FALLS, NY,NY,12804,50,0,1,2024-12-27 00:10:25
GL22BLKS1,LOWE'S OF DANVILLE, IL,IL,61832,0,0,1,2024-12-27 00:10:25
GL22BLKS1,LOWE'S OF KANKAKEE, IL,IL,60915,12,0,1,2024-12-27 00:10:25
GL22BLKS1,LOWE'S OF WARWICK, RI,RI,02886,23,0,1,2024-12-27 00:10:25
GL22BLKS1,LOWE'S OF N. WARWICK, RI,RI,02886,15,0,1,2024-12-27 00:10:25
GL22BLKS1,LOWE'S OF NORTH PROVIDENCE, RI,RI,02904,0,0,1,2024-12-27 00:10:25
GL22BLKS1,LOWE'S OF RAYNHAM, MA,MA,02767,1,0,1,2024-12-27 00:10:25
GL22BLKS1,LOWE'S OF KILLINGLY, CT,CT,06241,33,0,1,2024-12-27 00:10:25
GL22BLKS1,LOWE'S OF NORTH SMITHFIELD,RI,RI,02896,0,0,1,2024-12-27 00:10:25
GL22BLKS1,LOWE'S OF PLAINVILLE, MA,MA,02762,0,0,1,2024-12-27 00:10:25
GL22BLKS1,LOWE'S OF SEEKONK, MA,MA,02771,10,0,1,2024-12-27 00:10:25
GL22BLKS1,LOWE'S OF CRANSTON, RI,RI,02920,16,0,1,2024-12-27 00:10:25
GL22BLKS1,LOWE'S OF N. ATTLEBORO, MA,MA,02760,20,0,1,2024-12-27 00:10:25
GL22BLKS1,LOWE'S OF BOONE, NC,NC,28607,7,0,1,2024-12-27 00:10:25
GL22BLKS1,LOWE'S OF MORGANTON, NC,NC,28655,13,0,1,2024-12-27 00:10:25
GL22BLKS1,LOWE'S OF S. BRISTOL, TN,TN,37620,12,0,1,2024-12-27 00:10:25
GL22BLKS1,LOWE'S OF LENOIR, NC,NC,28645,4,0,1,2024-12-27 00:10:25
GL22BLKS1,LOWE'S OF ABINGDON, VA,VA,24211,0,0,1,2024-12-27 00:10:25
GL22BLKS1,LOWE'S OF ELIZABETHTON, TN,TN,37643,11,0,1,2024-12-27 00:10:25
GL22BLKS1,LOWE'S OF BANNER ELK, NC,NC,28604,0,0,1,2024-12-27 00:10:25
GL22BLKS1,LOWE'S OF MADISON, MS,MS,39110,8,0,1,2024-12-27 00:10:25
GL22BLKS1,LOWE'S OF FLOWOOD, MS,MS,39232,8,0,1,2024-12-27 00:10:25
GL22BLKS1,LOWE'S OF N. LITTLE ROCK, AR,AR,72117,8,0,1,2024-12-27 00:10:25
GL22BLKS1,LOWE'S OF PINE BLUFF, AR,AR,71601,8,0,1,2024-12-27 00:10:25
GL22BLKS1,LOWE'S OF POOLER, GA,GA,31322,1,0,1,2024-12-27 00:10:25
GL22BLKS1,LOWE'S OF HINESVILLE, GA,GA,31313,0,0,1,2024-12-27 00:10:25
GL22BLKS1,LOWE'S OF SOUTH SAVANNAH, GA,GA,31419,0,0,1,2024-12-27 00:10:25
GL22BLKS1,LOWE'S OF STATESBORO, GA,GA,30461,0,0,1,2024-12-27 00:10:25
GL22BLKS1,LOWE'S OF RINCON, GA,GA,31326,4,0,1,2024-12-27 00:10:25
GL22BLKS1,LOWE'S OF FORT COLLINS, CO,CO,80525,11,0,1,2024-12-27 00:10:25
GL22BLKS1,LOWE'S OF GREELEY, CO,CO,80634,11,0,1,2024-12-27 00:10:25
GL22BLKS1,LOWE'S OF BRIGHTON, CO,CO,80601,2,0,1,2024-12-27 00:10:25
GL22BLKS1,LOWE'S OF N. WESTMINSTER, CO,CO,80023,5,0,1,2024-12-27 00:10:25
GL22BLKS1,LOWE'S OF LOVELAND, CO,CO,80537,7,0,1,2024-12-27 00:10:25
GL22BLKS1,LOWE'S OF NORTHGLENN, CO,CO,80234,8,0,1,2024-12-27 00:10:25
GL22BLKS1,LOWE'S OF WESTMINSTER, CO,CO,80031,10,0,1,2024-12-27 00:10:25
GL22BLKS1,LOWE'S OF CHEYENNE, WY,WY,82009,9,0,1,2024-12-27 00:10:25
GL22BLKS1,LOWE'S OF LONGMONT, CO,CO,80501,9,0,1,2024-12-27 00:10:25
GL22BLKS1,LOWE'S OF ERIE, CO,CO,80516,4,0,1,2024-12-27 00:10:25
GL22BLKS1,LOWE'S OF NEWPORT, TN,TN,37821,0,0,1,2024-12-27 00:10:25
GL22BLKS1,LOWE'S OF DERBY, KS,KS,67037,17,0,1,2024-12-27 00:10:25
GL22BLKS1,LOWE'S OF W. WICHITA, KS,KS,67209,12,0,1,2024-12-27 00:10:25
GL22BLKS1,LOWE'S OF HUTCHINSON, KS,KS,67501,7,0,1,2024-12-27 00:10:25
GL22BLKS1,LOWE'S OF E. WICHITA, KS,KS,67207,11,0,1,2024-12-27 00:10:25
GL22BLKS1,LOWE'S OF N.W. WICHITA, KS,KS,67205,11,0,1,2024-12-27 00:10:25
GL22BLKS1,LOWE'S OF SALINA, KS,KS,67401,11,0,1,2024-12-27 00:10:25
GL22BLKS1,LOWE'S OF GLENWOOD SPRINGS, CO,CO,81601,0,0,1,2024-12-27 00:10:25
GL22BLKS1,LOWE'S OF SILVERTHORNE, CO,CO,80498,0,0,1,2024-12-27 00:10:25
GL22BLKS1,LOWE'S OF VERNAL, UT,UT,84078,0,0,1,2024-12-27 00:10:25
GL22BLKS1,LOWE'S OF SPANISH FORK, UT,UT,84660,0,0,1,2024-12-27 00:10:25
GL22BLKS1,LOWE'S OF ARVADA, CO,CO,80002,11,0,1,2024-12-27 00:10:25
GL22BLKS1,LOWE'S OF GRAND JUNCTION, CO,CO,81505,12,0,1,2024-12-27 00:10:25
GL22BLKS1,LOWE'S OF LAKEWOOD, CO,CO,80123,0,0,1,2024-12-27 00:10:25
GL22BLKS1,LOWE'S OF N. LAKEWOOD, CO,CO,80215,11,0,1,2024-12-27 00:10:25
GL22BLKS1,LOWE'S OF OREM, UT,UT,84058,6,0,1,2024-12-27 00:10:25
GL22BLKS1,LOWE'S OF S. LINCOLN, NE,NE,68516,5,0,1,2024-12-27 00:10:25
GL22BLKS1,LOWE'S OF EAGLE PASS, TX,TX,78852,0,0,1,2024-12-27 00:10:25
GL22BLKS1,LOWE'S OF WESLACO, TX,TX,78596,0,0,1,2024-12-27 00:10:25
GL22BLKS1,LOWE'S OF S. SAN ANTONIO, TX,TX,78224,0,0,1,2024-12-27 00:10:25
GL22BLKS1,LOWE'S OF KINGSVILLE, TX,TX,78363,0,0,1,2024-12-27 00:10:25
GL22BLKS1,LOWE'S OF EDINBURG, TX,TX,78539,8,0,1,2024-12-27 00:10:25
GL22BLKS1,LOWE'S OF N. MCALLEN, TX,TX,78504,8,0,1,2024-12-27 00:10:25
GL22BLKS1,LOWE'S OF LAREDO, TX,TX,78041,34,0,1,2024-12-27 00:10:25
GL22BLKS1,LOWE'S OF PHARR, TX,TX,78577,0,0,1,2024-12-27 00:10:25
GL22BLKS1,LOWE'S OF HATTIESBURG, MS,MS,39402,8,0,1,2024-12-27 00:10:25
GL22BLKS1,LOWE'S OF LAUREL, MS,MS,39440,0,0,1,2024-12-27 00:10:25
GL22BLKS1,LOWE'S OF PETAL, MS,MS,39465,0,0,1,2024-12-27 00:10:25
GL22BLKS1,LOWE'S OF JACKSON, MI,MI,49202,13,0,1,2024-12-27 00:10:25
GL22BLKS1,LOWE'S OF SCIO TOWNSHIP, MI,MI,48103,11,0,1,2024-12-27 00:10:25
GL22BLKS1,LOWE'S OF N.E. GRAND RAPIDS, MI,MI,49525,11,0,1,2024-12-27 00:10:25
GL22BLKS1,LOWE'S OF ANN ARBOR, MI,MI,48197,12,0,1,2024-12-27 00:10:25
GL22BLKS1,LOWE'S OF KENTWOOD, MI,MI,49512,12,0,1,2024-12-27 00:10:25
GL22BLKS1,LOWE'S OF CANTON, MI,MI,48187,9,0,1,2024-12-27 00:10:25
GL22BLKS1,LOWE'S OF WESTLAND, MI,MI,48185,10,0,1,2024-12-27 00:10:25
GL22BLKS1,LOWE'S OF BLOOMINGTON, IN,IN,47404,12,0,1,2024-12-27 00:10:25
GL22BLKS1,LOWE'S OF TERRE HAUTE, IN,IN,47802,0,0,1,2024-12-27 00:10:25
GL22BLKS1,LOWE'S OF LAYTON, UT,UT,84041,6,0,1,2024-12-27 00:10:25
GL22BLKS1,LOWE'S OF MURRAY, UT,UT,84123,2,0,1,2024-12-27 00:10:25
GL22BLKS1,LOWE'S OF WEST BOUNTIFUL, UT,UT,84087,10,0,1,2024-12-27 00:10:25
GL22BLKS1,LOWE'S OF SANDY, UT,UT,84094,1,0,1,2024-12-27 00:10:25
GL22BLKS1,LOWE'S OF WEST VALLEY CITY, UT,UT,84120,4,0,1,2024-12-27 00:10:25
GL22BLKS1,LOWE'S OF SALT LAKE CITY, UT,UT,84115,5,0,1,2024-12-27 00:10:25
GL22BLKS1,LOWE'S OF RIVERTON, UT,UT,84065,3,0,1,2024-12-27 00:10:25
GL22BLKS1,LOWE'S OF LEHI, UT,UT,84043,10,0,1,2024-12-27 00:10:25
GL22BLKS1,LOWE'S OF W. JORDAN, UT,UT,84084,6,0,1,2024-12-27 00:10:25
GL22BLKS1,LOWE'S OF LITTLETON, CO,CO,80120,8,0,1,2024-12-27 00:10:25
GL22BLKS1,LOWE'S OF S.E. AURORA, CO,CO,80015,6,0,1,2024-12-27 00:10:25
GL22BLKS1,LOWE'S OF AURORA, CO,CO,80012,9,0,1,2024-12-27 00:10:25
GL22BLKS1,LOWE'S OF MARANA, AZ,AZ,85741,6,0,1,2024-12-27 00:10:25
GL22BLKS1,LOWE'S OF E. TUCSON, AZ,AZ,85710,0,0,1,2024-12-27 00:10:25
GL22BLKS1,LOWE'S OF CASA GRANDE, AZ,AZ,85122,2,0,1,2024-12-27 00:10:25
GL22BLKS1,LOWE'S OF S.W. TUCSON, AZ,AZ,85746,0,0,1,2024-12-27 00:10:25
GL22BLKS1,LOWE'S OF C. TUCSON, AZ,AZ,85705,11,0,1,2024-12-27 00:10:25
GL22BLKS1,LOWE'S OF ROSEDALE, NY,NY,11422,6,0,1,2024-12-27 00:10:25
GL22BLKS1,LOWE'S OF UNION, NJ,NJ,07083,4,0,1,2024-12-27 00:10:25
GL22BLKS1,LOWE'S OF SPOKANE VALLEY, WA,WA,99212,7,0,1,2024-12-27 00:10:25
GL22BLKS1,LOWE'S OF N. SPOKANE, WA,WA,99208,0,0,1,2024-12-27 00:10:25
GL22BLKS1,LOWE'S OF HELENA, MT,MT,59602,10,0,1,2024-12-27 00:10:25
GL22BLKS1,LOWE'S OF BOZEMAN, MT,MT,59718,10,0,1,2024-12-27 00:10:25
GL22BLKS1,LOWE'S OF MISSOULA, MT,MT,59808,10,0,1,2024-12-27 00:10:25
GL22BLKS1,LOWE'S OF MOSES LAKE, WA,WA,98837,2,0,1,2024-12-27 00:10:25
GL22BLKS1,LOWE'S OF PASCO, WA,WA,99301,3,0,1,2024-12-27 00:10:25
GL22BLKS1,LOWE'S OF KALISPELL, MT,MT,59901,8,0,1,2024-12-27 00:10:25
GL22BLKS1,LOWE'S OF E. SPOKANE VALLEY, WA,WA,99037,6,0,1,2024-12-27 00:10:25
GL22BLKS1,LOWE'S OF COEUR D'ALENE, ID,ID,83814,0,0,1,2024-12-27 00:10:25
GL22BLKS1,LOWE'S OF DUBUQUE, IA,IA,52003,5,0,1,2024-12-27 00:10:25
GL22BLKS1,LOWE'S OF ALTOONA, IA,IA,50009,4,0,1,2024-12-27 00:10:25
GL22BLKS1,LOWE'S OF CEDAR RAPIDS, IA,IA,52402,13,0,1,2024-12-27 00:10:25
GL22BLKS1,LOWE'S OF AMES, IA,IA,50010,0,0,1,2024-12-27 00:10:25
GL22BLKS1,LOWE'S OF WATERLOO, IA,IA,50701,2,0,1,2024-12-27 00:10:25
GL22BLKS1,LOWE'S OF CORALVILLE, IA,IA,52241,7,0,1,2024-12-27 00:10:25
GL22BLKS1,LOWE'S OF CHAMBLEE, GA,GA,30341,0,0,1,2024-12-27 00:10:25
GL22BLKS1,LOWE'S OF ARDMORE, OK,OK,73401,0,0,1,2024-12-27 00:10:25
GL22BLKS1,LOWE'S OF WICHITA FALLS, TX,TX,76308,6,0,1,2024-12-27 00:10:25
GL22BLKS1,LOWE'S OF LAWTON, OK,OK,73505,14,0,1,2024-12-27 00:10:25
GL22BLKS1,LOWE'S OF LINDALE, TX,TX,75771,12,0,1,2024-12-27 00:10:25
GL22BLKS1,LOWE'S OF FRONT ROYAL, VA,VA,22630,10,0,1,2024-12-27 00:10:25
GL22BLKS1,LOWE'S OF ITHACA, NY,NY,14850,11,0,1,2024-12-27 00:10:25
GL22BLKS1,LOWE'S OF CHICAGO (83RD & STEWART), IL,IL,60620,10,0,1,2024-12-27 00:10:25
GL22BLKS1,LOWE'S OF CHICAGO, IL (WICKER PARK),IL,60622,0,0,1,2024-12-27 00:10:25
GL22BLKS1,LOWE'S OF LINCOLNWOOD, IL,IL,60712,4,0,1,2024-12-27 00:10:25
GL22BLKS1,LOWE'S OF CHICAGO (79TH & CICERO), IL,IL,60652,6,0,1,2024-12-27 00:10:25
GL22BLKS1,LOWE'S OF CHICAGO-BRICKYARD, IL,IL,60639,5,0,1,2024-12-27 00:10:25
GL22BLKS1,LOWE'S OF NORTHBROOK, IL,IL,60062,5,0,1,2024-12-27 00:10:25
GL22BLKS1,LOWE'S OF ORLAND PARK, IL,IL,60462,6,0,1,2024-12-27 00:10:25
GL22BLKS1,LOWE'S OF N.E. PHILADELPHIA, PA,PA,19114,10,0,1,2024-12-27 00:10:25
GL22BLKS1,LOWE'S OF UPPER MORELAND TOWNSHIP, PA,PA,19090,12,0,1,2024-12-27 00:10:25
GL22BLKS1,LOWE'S OF S. PHILADELPHIA, PA,PA,19148,6,0,1,2024-12-27 00:10:25
GL22BLKS1,LOWE'S OF MIDDLETOWN TOWNSHIP, PA,PA,19047,6,0,1,2024-12-27 00:10:25
GL22BLKS1,LOWE'S OF BENSALEM TOWNSHIP, PA,PA,19053,2,0,1,2024-12-27 00:10:25
GL22BLKS1,LOWE'S OF WARRINGTON, PA,PA,18976,6,0,1,2024-12-27 00:10:25
GL22BLKS1,LOWE'S OF MT. HOLLY, NJ,NJ,08048,6,0,1,2024-12-27 00:10:25
GL22BLKS1,LOWE'S OF PHILADELPHIA - ARAMINGO AVENUE, PA,PA,19137,5,0,1,2024-12-27 00:10:25
GL22BLKS1,LOWE'S OF DELRAN, NJ,NJ,08075,8,0,1,2024-12-27 00:10:25
GL22BLKS1,LOWE'S OF MAPLE SHADE, NJ,NJ,08052,0,0,1,2024-12-27 00:10:25
GL22BLKS1,LOWE'S OF DEPTFORD, NJ,NJ,08096,0,0,1,2024-12-27 00:10:25
GL22BLKS1,LOWE'S OF W. PHILADELPHIA, PA,PA,19131,0,0,1,2024-12-27 00:10:25
GL22BLKS1,LOWE'S OF BROOKHAVEN, PA,PA,19015,0,0,1,2024-12-27 00:10:25
GL22BLKS1,LOWE'S OF LAWNSIDE, NJ,NJ,08045,7,0,1,2024-12-27 00:10:25
GL22BLKS1,LOWE'S OF HAVERTOWN, PA,PA,19083,0,0,1,2024-12-27 00:10:25
GL22BLKS1,LOWE'S OF MANTUA TOWNSHIP, NJ,NJ,08080,6,0,1,2024-12-27 00:10:25
GL22BLKS1,LOWE'S OF VESTAL, NY,NY,13850,15,0,1,2024-12-27 00:10:25
GL22BLKS1,LOWE'S OF SAYRE, PA,PA,18840,0,0,1,2024-12-27 00:10:25
GL22BLKS1,LOWE'S OF BINGHAMTON, NY,NY,13901,5,0,1,2024-12-27 00:10:25
GL22BLKS1,LOWE'S OF CORTLANDVILLE, NY,NY,13045,0,0,1,2024-12-27 00:10:25
GL22BLKS1,LOWE'S OF BIG FLATS, NY,NY,14903,8,0,1,2024-12-27 00:10:25
GL22BLKS1,LOWE'S OF STERLING, VA,VA,20166,4,0,1,2024-12-27 00:10:25
GL22BLKS1,LOWE'S OF STONE MOUNTAIN, GA,GA,30047,0,0,1,2024-12-27 00:10:25
GL22BLKS1,LOWE'S OF GILFORD, NH,NH,03249,1,0,1,2024-12-27 00:10:25
GL22BLKS1,LOWE'S OF TILTON, NH,NH,03276,0,0,1,2024-12-27 00:10:25
GL22BLKS1,LOWE'S OF WEST BRIDGEWATER, MA,MA,02379,0,0,1,2024-12-27 00:10:25
GL22BLKS1,LOWE'S OF S. STATEN ISLAND, NY,NY,10309,16,0,1,2024-12-27 00:10:25
GL22BLKS1,LOWE'S OF HANOVER, NJ,NJ,07950,0,0,1,2024-12-27 00:10:25
GL22BLKS1,LOWE'S OF WOODBRIDGE, NJ,NJ,07095,9,0,1,2024-12-27 00:10:25
GL22BLKS1,LOWE'S OF PISCATAWAY, NJ,NJ,08854,9,0,1,2024-12-27 00:10:25
GL22BLKS1,LOWE'S OF AUBURN, ME,ME,04210,36,0,1,2024-12-27 00:10:25
GL22BLKS1,LOWE'S OF SCARBOROUGH, ME,ME,04074,31,0,1,2024-12-27 00:10:25
GL22BLKS1,LOWE'S OF AUGUSTA, ME,ME,04330,48,0,1,2024-12-27 00:10:25
GL22BLKS1,LOWE'S OF BANGOR, ME,ME,04401,31,0,1,2024-12-27 00:10:25
GL22BLKS1,LOWE'S OF BREWER, ME,ME,04412,36,0,1,2024-12-27 00:10:25
GL22BLKS1,LOWE'S OF BRUNSWICK, ME,ME,04011,34,0,1,2024-12-27 00:10:25
GL22BLKS1,LOWE'S OF N. WINDHAM, ME,ME,04062,0,0,1,2024-12-27 00:10:25
GL22BLKS1,LOWE'S OF PORTLAND, ME,ME,04102,2,0,1,2024-12-27 00:10:25
GL22BLKS1,LOWE'S OF THOMASTON, ME,ME,04861,23,0,1,2024-12-27 00:10:25
GL22BLKS1,LOWE'S OF KENOSHA, WI,WI,53142,13,0,1,2024-12-27 00:10:25
GL22BLKS1,LOWE'S OF TRAVERSE CITY, MI,MI,49684,4,0,1,2024-12-27 00:10:25
GL22BLKS1,LOWE'S OF OSHKOSH, WI,WI,54904,4,0,1,2024-12-27 00:10:25
GL22BLKS1,LOWE'S OF FRANKLIN, WI,WI,53132,2,0,1,2024-12-27 00:10:25
GL22BLKS1,LOWE'S OF PLOVER, WI,WI,54467,10,0,1,2024-12-27 00:10:25
GL22BLKS1,LOWE'S OF MANITOWOC, WI,WI,54220,5,0,1,2024-12-27 00:10:25
GL22BLKS1,LOWE'S OF BUCHANAN, WI,WI,54915,10,0,1,2024-12-27 00:10:25
GL22BLKS1,LOWE'S OF LUDINGTON, MI,MI,49431,7,0,1,2024-12-27 00:10:25
GL22BLKS1,LOWE'S OF MUSKEGON, MI,MI,49444,12,0,1,2024-12-27 00:10:25
GL22BLKS1,LOWE'S OF WAUWATOSA, WI,WI,53222,6,0,1,2024-12-27 00:10:25
GL22BLKS1,LOWE'S OF HARRISBURG, PA,PA,17109,7,0,1,2024-12-27 00:10:25
GL22BLKS1,LOWE'S OF LEBANON, PA,PA,17042,9,0,1,2024-12-27 00:10:25
GL22BLKS1,LOWE'S OF PALMYRA, PA,PA,17078,3,0,1,2024-12-27 00:10:25
GL22BLKS1,LOWE'S OF W. LANCASTER, PA,PA,17603,4,0,1,2024-12-27 00:10:25
GL22BLKS1,LOWE'S OF CARLISLE, PA,PA,17013,0,0,1,2024-12-27 00:10:25
GL22BLKS1,LOWE'S OF YORK, PA,PA,17402,10,0,1,2024-12-27 00:10:25
GL22BLKS1,LOWE'S OF MECHANICSBURG, PA,PA,17050,7,0,1,2024-12-27 00:10:25
GL22BLKS1,LOWE'S OF CAPE CARTERET, NC,NC,28584,16,0,1,2024-12-27 00:10:25
GL22BLKS1,LOWE'S OF MOREHEAD CITY, NC,NC,28557,0,0,1,2024-12-27 00:10:25
GL22BLKS1,LOWE'S OF CLINTON, UT,UT,84015,8,0,1,2024-12-27 00:10:25
GL22BLKS1,LOWE'S OF MERRILLVILLE, IN,IN,46410,9,0,1,2024-12-27 00:10:25
GL22BLKS1,LOWE'S OF NEW LENOX, IL,IL,60451,5,0,1,2024-12-27 00:10:25
GL22BLKS1,LOWE'S OF SCHERERVILLE, IN,IN,46375,6,0,1,2024-12-27 00:10:25
GL22BLKS1,LOWE'S OF DELAVAN, WI,WI,53115,7,0,1,2024-12-27 00:10:25
GL22BLKS1,LOWE'S OF S. CLINTON TOWNSHIP, MI,MI,48035,11,0,1,2024-12-27 00:10:25
GL22BLKS1,LOWE'S OF N. CHESTERFIELD, MI,MI,48051,6,0,1,2024-12-27 00:10:25
GL22BLKS1,LOWE'S OF HARPER WOODS, MI,MI,48225,22,0,1,2024-12-27 00:10:25
GL22BLKS1,LOWE'S OF CATSKILL, NY,NY,12414,24,0,1,2024-12-27 00:10:25
GL22BLKS1,LOWE'S OF YORKTOWN, NY,NY,10598,0,0,1,2024-12-27 00:10:25
GL22BLKS1,LOWE'S OF DANBURY, CT,CT,06810,0,0,1,2024-12-27 00:10:25
GL22BLKS1,LOWE'S OF MIDDLETOWN, NY,NY,10941,10,0,1,2024-12-27 00:10:25
GL22BLKS1,LOWE'S OF GREENPORT, NY,NY,12534,0,0,1,2024-12-27 00:10:25
GL22BLKS1,LOWE'S OF CHESTER, NY,NY,10918,0,0,1,2024-12-27 00:10:25
GL22BLKS1,LOWE'S OF ULSTER, NY,NY,12401,0,0,1,2024-12-27 00:10:25
GL22BLKS1,LOWE'S OF LLOYD, NY,NY,12528,8,0,1,2024-12-27 00:10:25
GL22BLKS1,LOWE'S OF NEWBURGH, NY,NY,12550,0,0,1,2024-12-27 00:10:25
GL22BLKS1,LOWE'S OF POUGHKEEPSIE, NY,NY,12601,0,0,1,2024-12-27 00:10:25
GL22BLKS1,LOWE'S OF E. CHARLOTTE, NC,NC,28227,7,0,1,2024-12-27 00:10:25
GL22BLKS1,LOWE'S OF NORTH CHARLOTTE, NC,NC,28213,0,0,1,2024-12-27 00:10:25
GL22BLKS1,LOWE'S OF ABINGTON, MA,MA,02351,0,0,1,2024-12-27 00:10:25
GL22BLKS1,LOWE'S OF BROCKTON, MA,MA,02301,2,0,1,2024-12-27 00:10:25
GL22BLKS1,LOWE'S OF LOWELL, MA,MA,01851,0,0,1,2024-12-27 00:10:25
GL22BLKS1,LOWE'S OF WEYMOUTH, MA,MA,02191,4,0,1,2024-12-27 00:10:25
GL22BLKS1,LOWE'S OF DEDHAM, MA,MA,02026,0,0,1,2024-12-27 00:10:25
GL22BLKS1,LOWE'S OF SALEM, NH,NH,03079,0,0,1,2024-12-27 00:10:25
GL22BLKS1,LOWE'S OF FRAMINGHAM, MA,MA,01701,0,0,1,2024-12-27 00:10:25
GL22BLKS1,LOWE'S OF SAUGUS, MA,MA,01906,21,0,1,2024-12-27 00:10:25
GL22BLKS1,LOWE'S OF DANVERS, MA,MA,01923,5,0,1,2024-12-27 00:10:25
GL22BLKS1,LOWE'S OF WOBURN, MA,MA,01801,0,0,1,2024-12-27 00:10:25
GL22BLKS1,LOWE'S OF PLYMOUTH MEETING, PA,PA,19462,6,0,1,2024-12-27 00:10:25
GL22BLKS1,LOWE'S OF NEW HARTFORD, NY,NY,13413,3,0,1,2024-12-27 00:10:25
GL22BLKS1,LOWE'S OF UTICA, NY,NY,13502,6,0,1,2024-12-27 00:10:25
GL22BLKS1,LOWE'S OF ONEONTA, NY,NY,13820,16,0,1,2024-12-27 00:10:25
GL22BLKS1,LOWE'S OF NORWICH, NY,NY,13815,0,0,1,2024-12-27 00:10:25
GL22BLKS1,LOWE'S OF HERKIMER, NY,NY,13350,1,0,1,2024-12-27 00:10:25
GL22BLKS1,LOWE'S OF JOHNSTOWN, PA,PA,15904,8,0,1,2024-12-27 00:10:25
GL22BLKS1,LOWE'S OF INDIANA, PA,PA,15701,8,0,1,2024-12-27 00:10:25
GL22BLKS1,LOWE'S OF ALLEGANY, MD,MD,21502,0,0,1,2024-12-27 00:10:25
GL22BLKS1,LOWE'S OF SOMERSET, PA,PA,15501,0,0,1,2024-12-27 00:10:25
GL22BLKS1,LOWE'S OF LATROBE, PA,PA,15650,0,0,1,2024-12-27 00:10:25
GL22BLKS1,LOWE'S OF BELLE VERNON, PA,PA,15012,10,0,1,2024-12-27 00:10:25
GL22BLKS1,LOWE'S OF ALTOONA, PA,PA,16602,4,0,1,2024-12-27 00:10:25
GL22BLKS1,LOWE'S OF MANSFIELD, PA,PA,16933,0,0,1,2024-12-27 00:10:25
GL22BLKS1,LOWE'S OF SPRINGVILLE, NY,NY,14141,0,0,1,2024-12-27 00:10:25
GL22BLKS1,LOWE'S OF BROWNSVILLE, TX,TX,78520,0,0,1,2024-12-27 00:10:25
GL22BLKS1,LOWE'S OF HARLINGEN, TX,TX,78550,9,0,1,2024-12-27 00:10:25
GL22BLKS1,LOWE'S OF BIG RAPIDS, MI,MI,49307,6,0,1,2024-12-27 00:10:25
GL22BLKS1,LOWE'S OF WINCHESTER, VA,VA,22601,3,0,1,2024-12-27 00:10:25
GL22BLKS1,LOWE'S OF PADUCAH, KY,KY,42001,15,0,1,2024-12-27 00:10:25
GL22BLKS1,LOWE'S OF N. RICHMOND, VA,VA,23227,4,0,1,2024-12-27 00:10:25
GL22BLKS1,LOWE'S OF E. RICHMOND, VA,VA,23231,7,0,1,2024-12-27 00:10:25
GL22BLKS1,LOWE'S OF W. CHESTERFIELD, VA,VA,23832,6,0,1,2024-12-27 00:10:25
GL22BLKS1,LOWE'S OF MIDLOTHIAN, VA,VA,23235,9,0,1,2024-12-27 00:10:25
GL22BLKS1,LOWE'S OF SOUTH RICHMOND, VA,VA,23225,11,0,1,2024-12-27 00:10:25
GL22BLKS1,LOWE'S OF SHORT PUMP, VA,VA,23060,3,0,1,2024-12-27 00:10:25
GL22BLKS1,LOWE'S OF CHESTER, VA,VA,23831,10,0,1,2024-12-27 00:10:25
GL22BLKS1,LOWE'S OF WEST RICHMOND, VA,VA,23294,0,0,1,2024-12-27 00:10:25
GL22BLKS1,LOWE'S OF MECHANICSVILLE, VA,VA,23111,15,0,1,2024-12-27 00:10:25
GL22BLKS1,LOWE'S OF CENTRAL RICHMOND, VA,VA,23220,8,0,1,2024-12-27 00:10:25
GL22BLKS1,LOWE'S OF ROCHESTER, MN,MN,55904,7,0,1,2024-12-27 00:10:25
GL22BLKS1,LOWE'S OF TWIN FALLS, ID,ID,83301,7,0,1,2024-12-27 00:10:25
GL22BLKS1,LOWE'S OF POCATELLO, ID,ID,83202,10,0,1,2024-12-27 00:10:25
GL22BLKS1,LOWE'S OF IDAHO FALLS, ID,ID,83404,14,0,1,2024-12-27 00:10:25
GL22BLKS1,LOWE'S OF LOGAN, UT,UT,84341,4,0,1,2024-12-27 00:10:25
GL22BLKS1,LOWE'S OF OGDEN, UT,UT,84404,0,0,1,2024-12-27 00:10:25
GL22BLKS1,LOWE'S OF RIVERDALE, UT,UT,84405,6,0,1,2024-12-27 00:10:25
GL22BLKS1,LOWE'S OF S. BEL AIR, MD,MD,21009,8,0,1,2024-12-27 00:10:25
GL22BLKS1,LOWE'S OF MIDDLETOWN, DE,DE,19709,0,0,1,2024-12-27 00:10:25
GL22BLKS1,LOWE'S OF NORTH EAST, MD,MD,21901,0,0,1,2024-12-27 00:10:25
GL22BLKS1,LOWE'S OF SOUTH BEND, IN,IN,46614,10,0,1,2024-12-27 00:10:25
GL22BLKS1,LOWE'S OF PLYMOUTH, IN,IN,46563,0,0,1,2024-12-27 00:10:25
GL22BLKS1,LOWE'S OF MICHIGAN CITY, IN,IN,46360,4,0,1,2024-12-27 00:10:25
GL22BLKS1,LOWE'S OF NAMPA, ID,ID,83651,9,0,1,2024-12-27 00:10:25
GL22BLKS1,LOWE'S OF MERIDIAN, ID,ID,83646,9,0,1,2024-12-27 00:10:25
GL22BLKS1,LOWE'S OF S. MERIDIAN, ID,ID,83642,4,0,1,2024-12-27 00:10:25
GL22BLKS1,LOWE'S OF BOISE, ID,ID,83709,4,0,1,2024-12-27 00:10:25
GL22BLKS1,LOWE'S OF MCCOMB, MS,MS,39648,0,0,1,2024-12-27 00:10:25
GL22BLKS1,LOWE'S OF JONESBOROUGH, TN,TN,37659,0,0,1,2024-12-27 00:10:25
GL22BLKS1,LOWE'S OF MOCKSVILLE, NC,NC,27028,0,0,1,2024-12-27 00:10:25
GL22BLKS1,LOWE'S OF LEXINGTON, NC,NC,27292,0,0,1,2024-12-27 00:10:25
GL22BLKS1,LOWE'S OF GADSDEN, AL,AL,35903,3,0,1,2024-12-27 00:10:25
GL22BLKS1,LOWE'S OF N. ANNISTON, AL,AL,36206,8,0,1,2024-12-27 00:10:25
GL22BLKS1,LOWE'S OF GARDEN CITY, NY,NY,11530,11,0,1,2024-12-27 00:10:25
GL22BLKS1,LOWE'S OF HICKSVILLE, NY,NY,11801,0,0,1,2024-12-27 00:10:25
GL22BLKS1,LOWE'S OF FARMINGDALE, NY,NY,11735,7,0,1,2024-12-27 00:10:25
GL22BLKS1,LOWE'S OF PRINCE GEORGE, VA,VA,23875,1,0,1,2024-12-27 00:10:25
GL22BLKS1,LOWE'S OF KENNEWICK, WA,WA,99336,6,0,1,2024-12-27 00:10:25
GL22BLKS1,LOWE'S OF WENATCHEE, WA,WA,98801,0,0,1,2024-12-27 00:10:25
GL22BLKS1,LOWE'S OF SHOW LOW, AZ,AZ,85901,2,0,1,2024-12-27 00:10:25
GL22BLKS1,LOWE'S OF MILFORD, MA,MA,01757,13,0,1,2024-12-27 00:10:25
GL22BLKS1,LOWE'S OF ODESSA, TX,TX,79762,12,0,1,2024-12-27 00:10:25
GL22BLKS1,LOWE'S OF BEAR, DE,DE,19701,7,0,1,2024-12-27 00:10:25
GL22BLKS1,LOWE'S OF WILMINGTON, DE,DE,19720,8,0,1,2024-12-27 00:10:25
GL22BLKS1,LOWE'S OF AVONDALE, PA,PA,19311,9,0,1,2024-12-27 00:10:25
GL22BLKS1,LOWE'S OF N. WILMINGTON, DE,DE,19803,0,0,1,2024-12-27 00:10:25
GL22BLKS1,LOWE'S OF DOVER, DE,DE,19901,8,0,1,2024-12-27 00:10:25
GL22BLKS1,LOWE'S OF NEWARK, DE,DE,19711,8,0,1,2024-12-27 00:10:25
GL22BLKS1,LOWE'S OF E. CALN TOWNSHIP, PA,PA,19335,4,0,1,2024-12-27 00:10:25
GL22BLKS1,LOWE'S OF OAKS, PA,PA,19456,2,0,1,2024-12-27 00:10:25
GL22BLKS1,LOWE'S OF ORANGEBURG, NY,NY,10962,6,0,1,2024-12-27 00:10:25
GL22BLKS1,LOWE'S OF CLARKSTOWN, NY,NY,10954,14,0,1,2024-12-27 00:10:25
