Store Name, State, Total Sales
LOWE'S OF AUBURN,WA,0
LOWE'S OF BONNEY LAKE,WA,0
LOWE'S OF FEDERAL WAY,WA,0
LOWE'S OF PUYALLUP,WA,0
LOWE'S OF TACOMA,WA,0
LOWE'S OF OLYMPIA,WA,0
LOWE'S OF S. LACEY,WA,0
LOWE'S OF PORT ORCHARD,WA,0
LOWE'S OF LAKEWOOD,WA,0
LOWE'S OF KENT-MIDWAY,WA,0
LOWE'S OF PASADENA,TX,0
LOWE'S OF LAKE JACKSON,TX,0
LOWE'S OF E. HOUSTON,TX,0
LOWE'S OF MEYERLAND,TX,0
LOWE'S OF PEARLAND,TX,0
LOWE'S OF S. E. HOUSTON,TX,0
LOWE'S OF LEAGUE CITY,TX,0
LOWE'S OF BAYBROOK,TX,0
LOWE'S OF TEXAS CITY,TX,0
LOWE'S OF BAYTOWN,TX,0
LOWE'S OF S. ASHEVILLE,NC,0
LOWE'S OF BOILING SPRINGS,SC,0
LOWE'S OF WEAVERVILLE,NC,0
LOWE'S OF WAYNESVILLE,NC,0
LOWE'S OF HENDERSONVILLE,NC,0
LOWE'S OF W. ASHEVILLE,NC,0
LOWE'S OF GREER,SC,0
LOWE'S OF FOREST CITY,NC,0
LOWE'S OF BREVARD,NC,0
LOWE'S OF N.W. GREENVILLE,SC,0
LOWE'S OF MACHESNEY PARK,IL,0
LOWE'S OF CAROL STREAM,IL,0
LOWE'S OF BOLINGBROOK,IL,0
LOWE'S OF ST. CHARLES,IL,0
LOWE'S OF DE KALB,IL,0
LOWE'S OF ROCKFORD,IL,0
LOWE'S OF LAKE IN THE HILLS,IL,0
LOWE'S OF ARLINGTON HEIGHTS,IL,0
LOWE'S OF NAPERVILLE,IL,0
LOWE'S OF VERNON HILLS,IL,0
LOWE'S OF MONROE,WA,0
LOWE'S OF LYNNWOOD,WA,0
LOWE'S OF SMOKEY POINT,WA.,0
LOWE'S OF MOUNT VERNON,WA,0
LOWE'S OF EVERETT,WA,0
LOWE'S OF MILL CREEK,WA,0
LOWE'S OF BELLINGHAM,WA,0
LOWE'S OF NORTH SEATTLE,WA,0
LOWE'S OF RAINIER,WA,0
LOWE'S OF ISSAQUAH,WA,0
LOWE'S OF LEESVILLE,LA,0
LOWE'S OF LUFKIN,TX,0
LOWE'S OF JASPER,TX,0
LOWE'S OF LONGVIEW,TX,0
LOWE'S OF TYLER,TX,0
LOWE'S OF HENDERSON,TX,0
LOWE'S OF PALESTINE,TX,0
LOWE'S OF NACOGDOCHES,TX,0
LOWE'S OF LIVINGSTON,TX,0
LOWE'S OF CONROE,TX,0
LOWE'S OF W. CHESAPEAKE,VA,0
LOWE'S OF ELIZABETH CITY,NC,0
LOWE'S OF HAMPTON,VA,0
LOWE'S OF CHESAPEAKE,VA,0
LOWE'S OF NEWPORT NEWS,VA,0
LOWE'S OF PORTSMOUTH,VA,0
LOWE'S OF SUFFOLK,VA,0
LOWE'S OF VIRGINIA BEACH,VA,0
LOWE'S OF NORFOLK,VA,0
LOWE'S OF E. VIRGINIA BEACH,VA,0
LOWE'S OF KINGWOOD,TX,0
LOWE'S OF ATASCOCITA,TX,0
LOWE'S OF MISSOURI CITY,TX,0
LOWE'S OF KATY,TX,0
LOWE'S OF SUGAR LAND,TX,0
LOWE'S OF CYPRESS,TX,0
LOWE'S OF COPPERFIELD,TX,0
LOWE'S OF ROSENBERG,TX,0
LOWE'S OF ROYAL OAKS,TX,0
LOWE'S OF CINCO RANCH (KATY),TX,0
LOWE'S OF BUNKER HILL,TX,0
LOWE'S OF RENTON,WA,0
LOWE'S OF TUKWILA,WA,0
LOWE'S OF BREMERTON,WA,0
LOWE'S OF SILVERDALE,WA,0
LOWE'S OF PEORIA,IL,0
LOWE'S OF N. SPRINGFIELD,IL,0
LOWE'S OF DECATUR,IL,0
LOWE'S OF GALESBURG,IL,0
LOWE'S OF E. PEORIA,IL,0
LOWE'S OF DAVENPORT,IA,0
LOWE'S OF BLOOMINGTON,IL,0
LOWE'S OF SPRINGFIELD,IL,0
LOWE'S OF MOLINE,IL,0
LOWE'S OF BURLINGTON,IA,0
LOWE'S OF THIBODAUX,LA,0
LOWE'S OF E. BATON ROUGE,LA,0
LOWE'S OF COVINGTON,LA,0
LOWE'S OF S. BATON ROUGE,LA,0
LOWE'S OF HOUMA,LA,0
LOWE'S OF HAMMOND,LA,0
LOWE'S OF N. BATON ROUGE,LA,0
LOWE'S OF NEW IBERIA,LA,0
LOWE'S OF N. LAFAYETTE,LA,0
LOWE'S OF GONZALES,LA,0
LOWE'S OF CARTERSVILLE,GA,0
LOWE'S OF WOODSTOCK,GA,0
LOWE'S OF ROME,GA,0
LOWE'S OF SANDY SPRINGS,GA,0
LOWE'S OF CANTON,GA,0
LOWE'S OF AUSTELL,GA,0
LOWE'S OF ALPHARETTA,GA,0
LOWE'S OF N. ALPHARETTA,GA,0
LOWE'S OF ACWORTH,GA,0
LOWE'S OF W. MARIETTA,GA,0
LOWE'S OF TOMBALL,TX,0
LOWE'S OF N.W. HOUSTON,TX,0
LOWE'S OF W. SPRING,TX,0
LOWE'S OF SPRING,TX,0
LOWE'S OF THE WOODLANDS,TX,0
LOWE'S OF STILLWATER,OK,0
LOWE'S OF PONCA CITY,OK,0
LOWE'S OF CENTRAL OKLAHOMA CITY,OK,0
LOWE'S OF S. OKLAHOMA CITY,OK,0
LOWE'S OF ENID,OK,0
LOWE'S OF N. OKLAHOMA CITY,OK,0
LOWE'S OF MIDWEST,OK,0
LOWE'S OF N. EDMOND,OK,0
LOWE'S OF EDMOND,OK,0
LOWE'S OF SHAWNEE,OK,0
LOWE'S OF BIXBY,OK,0
LOWE'S OF W. TULSA,OK,0
LOWE'S OF TAHLEQUAH,OK,0
LOWE'S OF CLAREMORE,OK,0
LOWE'S OF S. TULSA,OK,0
LOWE'S OF BARTLESVILLE,OK,0
LOWE'S OF MUSKOGEE,OK,0
LOWE'S OF OWASSO,OK,0
LOWE'S OF TULSA-MIDTOWN,OK,0
LOWE'S OF BROKEN ARROW,OK,0
LOWE'S OF MEDFORD,OR,0
LOWE'S OF KEIZER,OR,0
LOWE'S OF ROSEBURG,OR,0
LOWE'S OF REDMOND,OR,0
LOWE'S OF ALBANY - MILLERSBURG,OR,0
LOWE'S OF W. EUGENE,OR,0
LOWE'S OF REDDING,CA,0
LOWE'S OF CHICO,CA,0
LOWE'S OF BEND,OR,0
LOWE'S OF SALEM,OR,0
LOWE'S OF GROVE,OK,0
LOWE'S OF SILOAM SPRINGS,AR,0
LOWE'S OF NEOSHO,MO,0
LOWE'S OF N. BENTONVILLE,AR,0
LOWE'S OF JOPLIN,MO,0
LOWE'S OF ROGERS,AR,0
LOWE'S OF MONETT,MO,0
LOWE'S OF REPUBLIC,MO,0
LOWE'S OF CARTHAGE,MO,0
LOWE'S OF SPRINGDALE,AR,0
LOWE'S OF VICTORIA,TX,0
LOWE'S OF S.E. SAN ANTONIO,TX,0
LOWE'S OF SCHERTZ,TX,0
LOWE'S OF SAN MARCOS,TX,0
LOWE'S OF ARANSAS PASS,TX,0
LOWE'S OF NEW BRAUNFELS,TX,0
LOWE'S OF CORPUS CHRISTI,TX,0
LOWE'S OF BASTROP,TX,0
LOWE'S OF FAIRBANKS,AK,0
LOWE'S OF S. ANCHORAGE,AK,0
LOWE'S OF N.E. ANCHORAGE,AK,0
LOWE'S OF ANCHORAGE,AK,0
LOWE'S OF WASILLA,AK,0
LOWE'S OF E. COLORADO SPRINGS,CO,0
LOWE'S OF E. AURORA,CO,0
LOWE'S OF PARKER,CO,0
LOWE'S OF FOUNTAIN,CO,0
LOWE'S OF CENTRAL COLORADO SPRINGS,CO,0
LOWE'S OF S. PUEBLO,CO,0
LOWE'S OF N. COLORADO SPRINGS,CO,0
LOWE'S OF PUEBLO,CO,0
LOWE'S OF CASTLE ROCK,CO,0
LOWE'S OF W. COLORADO SPRINGS,CO,0
LOWE'S OF N.W. CHARLESTON,SC,0
LOWE'S OF N. MT. PLEASANT,SC,0
LOWE'S OF GOOSE CREEK,SC,0
LOWE'S OF SUMMERVILLE,SC,0
LOWE'S OF MT. PLEASANT,SC,0
LOWE'S OF ORANGEBURG,SC,0
LOWE'S OF N. CHARLESTON,SC,0
LOWE'S OF JAMES ISLAND,SC,0
LOWE'S OF BEAUFORT,SC,0
LOWE'S OF W. ASHLEY,SC,0
LOWE'S OF PINEVILLE,NC,0
LOWE'S OF WAXHAW,NC,0
LOWE'S OF S. CHARLOTTE,NC,0
LOWE'S OF ROCK HILL,SC,0
LOWE'S OF N. LANCASTER,SC,0
LOWE'S OF S. E. CHARLOTTE,NC,0
LOWE'S OF SW CHARLOTTE,NC,0
LOWE'S OF FORT MILL,SC,0
LOWE'S OF CENTRAL CHARLOTTE,NC,0
LOWE'S OF N. YORK COUNTY,SC,0
LOWE'S OF HERMITAGE,TN,0
LOWE'S OF LEBANON,TN,0
LOWE'S OF MADISON,TN,0
LOWE'S OF N. NASHVILLE,TN,0
LOWE'S OF W. NASHVILLE,TN,0
LOWE'S OF SMYRNA,TN,0
LOWE'S OF HENDERSONVILLE,TN,0
LOWE'S OF MT. JULIET,TN,0
LOWE'S OF GALLATIN,TN,0
LOWE'S OF NASHVILLE,TN,0
LOWE'S OF MADISON,AL,0
LOWE'S OF DECATUR,AL,0
LOWE'S OF GUNTERSVILLE,AL,0
LOWE'S OF CULLMAN,AL,0
LOWE'S OF ATHENS,AL,0
LOWE'S OF TULLAHOMA,TN,0
LOWE'S OF HUNTSVILLE,AL,0
LOWE'S OF HARTSELLE,AL,0
LOWE'S OF N. HUNTSVILLE,AL,0
LOWE'S OF S.E. HUNTSVILLE,AL,0
LOWE'S OF YORK,SC,0
LOWE'S OF GLOUCESTER,VA,0
LOWE'S OF WILLIAMSBURG,VA,0
LOWE'S OF BOSSIER CITY,LA,0
LOWE'S OF SE SHREVEPORT,LA,0
LOWE'S OF SHREVEPORT,LA,0
LOWE'S OF MARSHALL,TX,0
LOWE'S OF TEXARKANA,TX,0
LOWE'S OF MT. PLEASANT,TX,0
LOWE'S OF RUSTON,LA,0
LOWE'S OF LOGANVILLE,GA,0
LOWE'S OF SUWANEE,GA,0
LOWE'S OF JOHN'S CREEK,GA,0
LOWE'S OF SNELLVILLE,GA,0
LOWE'S OF GAINESVILLE,GA,0
LOWE'S OF CUMMING,GA,0
LOWE'S OF CORNELIA,GA,0
LOWE'S OF NORCROSS,GA,0
LOWE'S OF BUFORD,GA,0
LOWE'S OF ALABASTER,AL,0
LOWE'S OF S. MONTGOMERY,AL,0
LOWE'S OF WETUMPKA,AL,0
LOWE'S OF N. COLUMBUS,GA,0
LOWE'S OF OPELIKA,AL,0
LOWE'S OF TROY,AL,0
LOWE'S OF HOOVER,AL,0
LOWE'S OF ENTERPRISE,AL,0
LOWE'S OF INVERNESS,AL,0
LOWE'S OF PRATTVILLE,AL,0
LOWE'S OF E. ROANOKE,VA,0
LOWE'S OF S. ROANOKE,VA,0
LOWE'S OF ROANOKE,VA,0
LOWE'S OF CHRISTIANSBURG,VA,0
LOWE'S OF WYTHEVILLE,VA,0
LOWE'S OF PULASKI COUNTY,VA,0
LOWE'S OF GALAX,VA,0
LOWE'S OF ROCKY MOUNT,VA,0
LOWE'S OF PRINCETON,WV,0
LOWE'S OF SALEM,VA,0
LOWE'S OF MONROE,LA,0
LOWE'S OF PINEVILLE,LA,0
LOWE'S OF RIDGELAND,MS,0
LOWE'S OF ALEXANDRIA,LA,0
LOWE'S OF W. JACKSON,MS,0
LOWE'S OF GREENVILLE,MS,0
LOWE'S OF GLASGOW,KY,0
LOWE'S OF BOWLING GREEN,KY,0
LOWE'S OF SPRINGFIELD,TN,0
LOWE'S OF FRANKLIN,KY,0
LOWE'S OF CLINTON,MD,0
LOWE'S OF CHARLES COUNTY,MD,0
LOWE'S OF LARGO,MD,0
LOWE'S OF LAUREL,MD,0
LOWE'S OF BOWIE,MD,0
LOWE'S OF SEVERN,MD,0
LOWE'S OF COLUMBIA,MD,0
LOWE'S OF WASHINGTON,DC,0
LOWE'S OF NEW CARROLLTON,MD,0
LOWE'S OF GLEN BURNIE,MD,0
LOWE'S OF S. LOUISVILLE,KY,0
LOWE'S OF CAMPBELLSVILLE,KY,0
LOWE'S OF ELIZABETHTOWN,KY,0
LOWE'S OF S.W. LOUISVILLE,KY,0
LOWE'S OF SHEPHERDSVILLE,KY,0
LOWE'S OF CLARKSVILLE,IN,0
LOWE'S OF BARDSTOWN,KY,0
LOWE'S OF CENTRAL LOUISVILLE,KY,0
LOWE'S OF N.E. LOUISVILLE,KY,0
LOWE'S OF E. LOUISVILLE,KY,0
LOWE'S OF N. FREDERICK,MD,0
LOWE'S OF WAYNESBORO,PA,0
LOWE'S OF LEESBURG,VA,0
LOWE'S OF FREDERICK,MD,0
LOWE'S OF N. WINCHESTER,VA,0
LOWE'S OF N. HAGERSTOWN,MD,0
LOWE'S OF HAGERSTOWN,MD,0
LOWE'S OF WESTMINSTER,MD,0
LOWE'S OF MARTINSBURG,WV,0
LOWE'S OF CHAMBERSBURG,PA,0
LOWE'S OF S. PARKERSBURG,WV,0
LOWE'S OF ST. CLAIRSVILLE,OH,0
LOWE'S OF WOOD COUNTY,WV,0
LOWE'S OF ZANESVILLE,OH,0
LOWE'S OF ATHENS,OH,0
LOWE'S OF LANCASTER,OH,0
LOWE'S OF S. CHARLESTON,WV,0
LOWE'S OF E. CHARLESTON,WV,0
LOWE'S OF NITRO,WV,0
LOWE'S OF MARIETTA,OH,0
LOWE'S OF SPOTSYLVANIA COUNTY,VA,0
LOWE'S OF STAFFORD,VA,0
LOWE'S OF NORTH MANASSAS,VA,0
LOWE'S OF DALE CITY,VA,0
LOWE'S OF LA PLATA,MD,0
LOWE'S OF GAINESVILLE,VA,0
LOWE'S OF ALEXANDRIA,VA,0
LOWE'S OF CULPEPER,VA,0
LOWE'S OF FREDERICKSBURG,VA,0
LOWE'S OF S. STAFFORD,VA,0
LOWE'S OF OPELOUSAS,LA,0
LOWE'S OF ABBEVILLE,LA,0
LOWE'S OF LAFAYETTE,LA,0
LOWE'S OF CROWLEY,LA,0
LOWE'S OF FT. OGLETHORPE,GA,0
LOWE'S OF N. CHATTANOOGA,TN,0
LOWE'S OF FT. PAYNE,AL,0
LOWE'S OF CLEVELAND,TN,0
LOWE'S OF DAYTON,TN,0
LOWE'S OF E. ELLIJAY,GA,0
LOWE'S OF DALTON,GA,0
LOWE'S OF KIMBALL,TN,0
LOWE'S OF CHATTANOOGA,TN,0
LOWE'S OF BLUFFTON,SC,0
LOWE'S OF N. RICHLAND COUNTY,SC,0
LOWE'S OF S.E. LEXINGTON COUNTY,SC,0
LOWE'S OF LEXINGTON,SC,0
LOWE'S OF IRMO,SC,0
LOWE'S OF SE COLUMBIA,SC,0
LOWE'S OF CAMDEN,SC,0
LOWE'S OF N.E. COLUMBIA,SC,0
LOWE'S OF RICHLAND COUNTY,SC,0
LOWE'S OF WEST COLUMBIA,SC,0
LOWE'S OF MT. STERLING,KY,0
LOWE'S OF EAST LEXINGTON,KY,0
LOWE'S OF GEORGETOWN,KY,0
LOWE'S OF N.E. LEXINGTON,KY,0
LOWE'S OF WINCHESTER,KY,0
LOWE'S OF NICHOLASVILLE,KY,0
LOWE'S OF S. LEXINGTON,KY,0
LOWE'S OF DANVILLE,KY,0
LOWE'S OF FRANKFORT,KY,0
LOWE'S OF RICHMOND,KY,0
LOWE'S OF WOODSTOCK,VA,0
LOWE'S OF WAYNESBORO,VA,0
LOWE'S OF LEXINGTON,VA,0
LOWE'S OF HARRISONBURG,VA,0
LOWE'S OF ZION CROSSROADS,VA,0
LOWE'S OF STAUNTON,VA,0
LOWE'S OF CHARLOTTESVILLE,VA,0
LOWE'S OF RUCKERSVILLE,VA,0
LOWE'S OF RAYMORE,MO,0
LOWE'S OF KANSAS CITY (GLADSTONE),MO,0
LOWE'S OF OVERLAND PARK,KS,0
LOWE'S OF TOPEKA,KS,0
LOWE'S OF KANSAS CITY,KS,0
LOWE'S OF N KANSAS CITY,MO,0
LOWE'S OF SHAWNEE,KS,0
LOWE'S OF S. KANSAS CITY,MO,0
LOWE'S OF OLATHE,KS,0
LOWE'S OF ROELAND PARK,KS,0
LOWE'S OF MUSTANG,OK,0
LOWE'S OF YUKON,OK,0
LOWE'S OF NORMAN,OK,0
LOWE'S OF MOORE,OK,0
LOWE'S OF LA FOLLETTE,TN,0
LOWE'S OF COOKEVILLE,TN,0
LOWE'S OF WEST KNOXVILLE,TN,0
LOWE'S OF ATHENS,TN,0
LOWE'S OF N. KNOXVILLE,TN,0
LOWE'S OF CROSSVILLE,TN,0
LOWE'S OF MCMINNVILLE,TN,0
LOWE'S OF HARRIMAN,TN,0
LOWE'S OF SUMTER,SC,0
LOWE'S OF SAGINAW,MI,0
LOWE'S OF BLOOMFIELD TOWNSHIP,MI,0
LOWE'S OF MIDLAND,MI,0
LOWE'S OF HOWELL,MI,0
LOWE'S OF WHITE LAKE,MI,0
LOWE'S OF ROCHESTER HILLS,MI,0
LOWE'S OF S. LANSING,MI,0
LOWE'S OF W. LANSING,MI,0
LOWE'S OF LYON TOWNSHIP,MI,0
LOWE'S OF COMMERCE TOWNSHIP,MI,0
LOWE'S OF N. CENT.HOUSTON,TX,0
LOWE'S OF CATONSVILLE,MD,0
LOWE'S OF HANOVER,PA,0
LOWE'S OF TOWSON,MD,0
LOWE'S OF OWINGS MILLS,MD,0
LOWE'S OF TIMONIUM,MD,0
LOWE'S OF W. YORK,PA,0
LOWE'S OF S.W. MOBILE,AL,0
LOWE'S OF DAPHNE,AL,0
LOWE'S OF MILTON,FL,0
LOWE'S OF MOBILE,AL,0
LOWE'S OF PENSACOLA,FL,0
LOWE'S OF S.W. PENSACOLA,FL,0
LOWE'S OF GULF BREEZE,FL,0
LOWE'S OF FOLEY,AL,0
LOWE'S OF ENSLEY,FL,0
LOWE'S OF WEST MOBILE,AL,0
LOWE'S OF MURFREESBORO,TN,0
LOWE'S OF MAPLEWOOD,MO,0
LOWE'S OF S. SAINT LOUIS,MO,0
LOWE'S OF O'FALLON,MO,0
LOWE'S OF ALTON,IL,0
LOWE'S OF ST. CHARLES,MO,0
LOWE'S OF FAIRVIEW HEIGHTS,IL,0
LOWE'S OF BALLWIN,MO,0
LOWE'S OF GLEN CARBON,IL,0
LOWE'S OF KIRKWOOD,MO,0
LOWE'S OF CHESTERFIELD,MO,0
LOWE'S OF CHARLOTTE - NORTHLAKE MALL,NC,0
LOWE'S OF N. CONCORD,NC,0
LOWE'S OF LINCOLNTON,NC,0
LOWE'S OF S.W. CONCORD,NC,0
LOWE'S OF TROUTMAN,NC,0
LOWE'S OF CONCORD,NC,0
LOWE'S OF HUNTERSVILLE,NC,0
LOWE'S OF STATESVILLE,NC,0
LOWE'S OF MOORESVILLE,NC,0
LOWE'S OF E. LINCOLN COUNTY,NC,0
LOWE'S OF CRESTVIEW,FL,0
LOWE'S OF MARIANNA,FL,0
LOWE'S OF ALBANY,GA,0
LOWE'S OF N. DOTHAN,AL,0
LOWE'S OF DOTHAN,AL,0
LOWE'S OF PANAMA CITY,FL,0
LOWE'S OF PANAMA CITY BEACH,FL,0
LOWE'S OF DEFUNIAK SPRINGS,FL,0
LOWE'S OF SYLVA,NC,0
LOWE'S OF GREENEVILLE,TN,0
LOWE'S OF MARION,NC,0
LOWE'S OF FULTONDALE,AL,0
LOWE'S OF LEEDS,AL,0
LOWE'S OF HOMEWOOD,AL,0
LOWE'S OF TRUSSVILLE,AL,0
LOWE'S OF NORTHPORT,AL,0
LOWE'S OF BESSEMER,AL,0
LOWE'S OF TUSCALOOSA,AL,0
LOWE'S OF WHITE MARSH,MD,0
LOWE'S OF E. EVANSVILLE,IN,0
LOWE'S OF HOPKINSVILLE,KY,0
LOWE'S OF W. EVANSVILLE,IN,0
LOWE'S OF VINCENNES,IN,0
LOWE'S OF OWENSBORO,KY,0
LOWE'S OF HENDERSON,KY,0
LOWE'S OF BEDFORD,IN,0
LOWE'S OF MADISONVILLE,KY,0
LOWE'S OF E. PADUCAH,KY,0
LOWE'S OF MT. VERNON,IL,0
LOWE'S OF NW INDIANAPOLIS,IN,0
LOWE'S OF E INDIANAPOLIS,IN,0
LOWE'S OF BEECH GROVE,IN,0
LOWE'S OF NE INDIANAPOLIS,IN,0
LOWE'S OF C. INDIANAPOLIS,IN,0
LOWE'S OF W INDIANAPOLIS,IN,0
LOWE'S OF AVON,IN,0
LOWE'S OF S. INDIANAPOLIS,IN,0
LOWE'S OF FRANKLIN,IN,0
LOWE'S OF MOORESVILLE,IN,0
LOWE'S OF S. KNOXVILLE,TN,0
LOWE'S OF E. KNOXVILLE,TN,0
LOWE'S OF BLOUNT COUNTY,TN,0
LOWE'S OF MORRISTOWN,TN,0
LOWE'S OF SEVIERVILLE,TN,0
LOWE'S OF JEFFERSON CITY,TN,0
LOWE'S OF AIKEN,SC,0
LOWE'S OF S.W. AUGUSTA,GA,0
LOWE'S OF N. AUGUSTA,SC,0
LOWE'S OF EVANS,GA,0
LOWE'S OF AUGUSTA,GA,0
LOWE'S OF ARNOLD,MO,0
LOWE'S OF BELLEVILLE,IL,0
LOWE'S OF FENTON,MO,0
LOWE'S OF HORNELL,NY,0
LOWE'S OF AUBURN,NY,0
LOWE'S OF E. AMHERST,NY,0
LOWE'S OF BROCKPORT,NY,0
LOWE'S OF HENRIETTA,NY,0
LOWE'S OF WEBSTER,NY,0
LOWE'S OF MACEDON,NY,0
LOWE'S OF CANANDAIGUA,NY,0
LOWE'S OF WATERLOO,NY,0
LOWE'S OF GREECE,NY,0
LOWE'S OF MURPHY,NC,0
LOWE'S OF LYNCHBURG,VA,0
LOWE'S OF BEDFORD,VA,0
LOWE'S OF MARTINSVILLE,VA,0
LOWE'S OF S. PHOENIX,AZ,0
LOWE'S OF TEMPE,AZ,0
LOWE'S OF E. CHANDLER,AZ,0
LOWE'S OF GILBERT,AZ,0
LOWE'S OF OCOTILLO,AZ,0
LOWE'S OF APACHE JUNCTION,AZ,0
LOWE'S OF W. CHANDLER,AZ,0
LOWE'S OF S. SCOTTSDALE,AZ,0
LOWE'S OF E. GILBERT,AZ,0
LOWE'S OF E. MESA,AZ,0
LOWE'S OF BARBOURSVILLE,WV,0
LOWE'S OF SUMMERSVILLE,WV,0
LOWE'S OF LOGAN,WV,0
LOWE'S OF FAYETTEVILLE,WV,0
LOWE'S OF RUSSELL,KY,0
LOWE'S OF BECKLEY,WV,0
LOWE'S OF BURLINGTON,OH,0
LOWE'S OF ATLANTA-EDGEWOOD,GA,0
LOWE'S OF CONYERS,GA,0
LOWE'S OF MCDONOUGH,GA,0
LOWE'S OF DOUGLASVILLE,GA,0
LOWE'S OF CAMP CREEK,GA,0
LOWE'S OF STOCKBRIDGE,GA,0
LOWE'S OF FAYETTEVILLE,GA,0
LOWE'S OF S. DEKALB-LITHONIA,GA,0
LOWE'S OF NEWNAN,GA,0
LOWE'S OF GRIFFIN,GA,0
LOWE'S OF S. FAYETTEVILLE,AR,0
LOWE'S OF FAYETTEVILLE,AR,0
LOWE'S OF SHELBY,NC,0
LOWE'S OF N. HICKORY,NC,0
LOWE'S OF FRANKLIN SQUARE,NC,0
LOWE'S OF BELMONT,NC,0
LOWE'S OF HICKORY,NC,0
LOWE'S OF SHELBYVILLE,KY,0
LOWE'S OF FRANKLIN,VA,0
LOWE'S OF PASCAGOULA,MS,0
LOWE'S OF D'IBERVILLE,MS,0
LOWE'S OF WAVELAND,MS,0
LOWE'S OF GAUTIER,MS,0
LOWE'S OF GULFPORT,MS,0
LOWE'S OF SOUTHFIELD,MI,0
LOWE'S OF MADISON HEIGHTS,MI,0
LOWE'S OF WARREN,MI,0
LOWE'S OF CLINTON TOWNSHIP,MI,0
LOWE'S OF STERLING HEIGHTS,MI,0
LOWE'S OF FAIRFAX,VA,0
LOWE'S OF CHANTILLY,VA,0
LOWE'S OF TAPPAHANNOCK,VA,0
LOWE'S OF SALISBURY,MD,0
LOWE'S OF EASTON,MD,0
LOWE'S OF ST MARY'S COUNTY,MD,0
LOWE'S OF COLUMBIA,TN,0
LOWE'S OF SPRING HILL,TN,0
LOWE'S OF SHELBYVILLE,TN,0
LOWE'S OF LEBANON,MO,0
LOWE'S OF N. SPRINGFIELD,MO,0
LOWE'S OF OZARK,MO,0
LOWE'S OF SPRINGFIELD,MO,0
LOWE'S OF HOLLISTER,MO,0
LOWE'S OF OXFORD,AL,0
LOWE'S OF CARROLLTON,GA,0
LOWE'S OF FARMINGTON,NM,0
LOWE'S OF CENTRAL ALBUQUERQUE,NM,0
LOWE'S OF E. ALBUQUERQUE,NM,0
LOWE'S OF SANTA FE,NM,0
LOWE'S OF RIO RANCHO,NM,0
LOWE'S OF LOS LUNAS,NM,0
LOWE'S OF NE ALBUQUERQUE,NM,0
LOWE'S OF ESPANOLA,NM,0
LOWE'S OF ALAMOGORDO,NM,0
LOWE'S OF N.W. ALBUQUERQUE,NM,0
LOWE'S OF BATTLE CREEK,MI,0
LOWE'S OF NILES,MI,0
LOWE'S OF GRANDVILLE,MI,0
LOWE'S OF BENTON HARBOR,MI,0
LOWE'S OF GOSHEN,IN,0
LOWE'S OF MISHAWAKA,IN,0
LOWE'S OF KALAMAZOO,MI,0
LOWE'S OF PORTAGE,MI,0
LOWE'S OF ELKHART,IN,0
LOWE'S OF HOLLAND,MI,0
LOWE'S OF N FAYETTEVILLE,NC,0
LOWE'S OF CLINTON,NC,0
LOWE'S OF W. FAYETTEVILLE,NC,0
LOWE'S OF SANFORD,NC,0
LOWE'S OF ERWIN,NC,0
LOWE'S OF LUMBERTON,NC,0
LOWE'S OF FAYETTEVILLE,NC,0
LOWE'S OF SOUTHERN PINES,NC,0
LOWE'S OF HOLLY SPRINGS,NC,0
LOWE'S OF HOPE MILLS,NC,0
LOWE'S OF GREENSBURG,PA,0
LOWE'S OF BETHEL PARK,PA,0
LOWE'S OF N.E. PITTSBURGH,PA,0
LOWE'S OF MCCANDLESS,PA,0
LOWE'S OF HOMESTEAD,PA,0
LOWE'S OF RICHLAND TOWNSHIP,PA,0
LOWE'S OF WEST MIFFLIN,PA,0
LOWE'S OF MONROEVILLE,PA,0
LOWE'S OF ROBINSON TOWNSHIP,PA,0
LOWE'S OF SCOTT TOWNSHIP,PA,0
LOWE'S OF W. SPRING VALLEY,NV,0
LOWE'S OF NORTH LAS VEGAS,NV,0
LOWE'S OF W. SUMMERLIN,NV,0
LOWE'S OF CENTENNIAL HILLS,NV,0
LOWE'S OF SUNRISE,NV,0
LOWE'S OF N.W. LAS VEGAS,NV,0
LOWE'S OF N.E. LAS VEGAS,NV,0
LOWE'S OF SUMMERLIN,NV,0
LOWE'S OF C. LAS VEGAS,NV,0
LOWE'S OF LAS VEGAS,NV,0
LOWE'S OF E GREENVILLE,NC,0
LOWE'S OF WILSON,NC,0
LOWE'S OF KINSTON,NC,0
LOWE'S OF NEW BERN,NC,0
LOWE'S OF TARBORO,NC,0
LOWE'S OF WASHINGTON,NC,0
LOWE'S OF GOLDSBORO,NC,0
LOWE'S OF JACKSONVILLE,NC,0
LOWE'S OF ROCKY MOUNT,NC,0
LOWE'S OF GREENVILLE,NC,0
LOWE'S OF SOUTH BOSTON,VA,0
LOWE'S OF REIDSVILLE,NC,0
LOWE'S OF N.E. GREENSBORO,NC,0
LOWE'S OF MEBANE,NC,0
LOWE'S OF ROXBORO,NC,0
LOWE'S OF DANVILLE,VA,0
LOWE'S OF MAYODAN,NC,0
LOWE'S OF BURLINGTON,NC,0
LOWE'S OF N. PHOENIX,AZ,0
LOWE'S OF SCOTTSDALE,AZ,0
LOWE'S OF HAPPY VALLEY,AZ,0
LOWE'S OF GLENDALE,AZ,0
LOWE'S OF CAREFREE,AZ,0
LOWE'S OF POTSDAM,NY,0
LOWE'S OF ROME,NY,0
LOWE'S OF CICERO,NY,0
LOWE'S OF SYRACUSE,NY,0
LOWE'S OF WATERTOWN,NY,0
LOWE'S OF OGDENSBURG,NY,0
LOWE'S OF CLAY,NY,0
LOWE'S OF OSWEGO,NY,0
LOWE'S OF ONEIDA,NY,0
LOWE'S OF CAMILLUS,NY,0
LOWE'S OF W. HENDERSON,NV,0
LOWE'S OF HENDERSON,NV,0
LOWE'S OF C. HENDERSON,NV,0
LOWE'S OF ALBEMARLE,NC,0
LOWE'S OF MONROE,NC,0
LOWE'S OF ROCKINGHAM,NC,0
LOWE'S OF LAURINBURG,NC,0
LOWE'S OF HARTSVILLE,SC,0
LOWE'S OF BUCKHANNON,WV,0
LOWE'S OF LEWISBURG,WV,0
LOWE'S OF SURPRISE,AZ,0
LOWE'S OF PEORIA,AZ,0
LOWE'S OF W. PHOENIX,AZ,0
LOWE'S OF GOODYEAR,AZ,0
LOWE'S OF N. PEORIA,AZ,0
LOWE'S OF BUCKEYE,AZ,0
LOWE'S OF HARVEY,LA,0
LOWE'S OF MARRERO,LA,0
LOWE'S OF SLIDELL,LA,0
LOWE'S OF METAIRIE,LA,0
LOWE'S OF JEFFERSON HIGHWAY,LA,0
LOWE'S OF CENTRAL NEW ORLEANS,LA,0
LOWE'S OF NEWBERRY,SC,0
LOWE'S OF N MYRTLE BEACH,SC,0
LOWE'S OF CONWAY,SC,0
LOWE'S OF WHITEVILLE,NC,0
LOWE'S OF PORTERS NECK,NC,0
LOWE'S OF MYRTLE BEACH,SC,0
LOWE'S OF LELAND,NC,0
LOWE'S OF S. WILMINGTON,NC,0
LOWE'S OF SHALLOTTE,NC,0
LOWE'S OF SOUTHPORT,NC,0
LOWE'S OF UNIVERSITY CENTRE,NC,0
LOWE'S OF WILKESBORO,NC,0
LOWE'S OF BLUEFIELD,VA,0
LOWE'S OF MT. AIRY,NC,0
LOWE'S OF WEST JEFFERSON,NC,0
LOWE'S OF ELKIN,NC,0
LOWE'S OF S FLORENCE,SC,0
LOWE'S OF SURFSIDE,SC,0
LOWE'S OF FLORENCE,SC,0
LOWE'S OF LIBERTY,MO,0
LOWE'S OF EAST KANSAS CITY,MO,0
LOWE'S OF INDEPENDENCE,MO,0
LOWE'S OF LEE'S SUMMIT,MO,0
LOWE'S OF CORINTH,MS,0
LOWE'S OF FLORENCE,AL,0
LOWE'S OF SAVANNAH,TN,0
LOWE'S OF MUSCLE SHOALS,AL,0
LOWE'S OF MOUNTAIN HOME,AR,0
LOWE'S OF GREENWOOD VILLAGE,CO,0
LOWE'S OF BLUFFTON,IN,0
LOWE'S OF LIMA,OH,0
LOWE'S OF WARSAW,IN,0
LOWE'S OF N. FORT WAYNE,IN,0
LOWE'S OF W. FT. WAYNE,IN,0
LOWE'S OF DEFIANCE,OH,0
LOWE'S OF E. FT. WAYNE,IN,0
LOWE'S OF MARION,IN,0
LOWE'S OF PARAMUS,NJ,0
LOWE'S OF YONKERS,NY,0
LOWE'S OF BROOKLYN,NY,0
LOWE'S OF N. BERGEN,NJ,0
LOWE'S OF PATERSON,NJ,0
LOWE'S OF E. RUTHERFORD,NJ,0
LOWE'S OF JERSEY CITY,NJ,0
LOWE'S OF BAYONNE,NJ,0
LOWE'S OF N.W. STATEN ISLAND,NY,0
LOWE'S OF BROOKLYN - KINGS PLAZA,NY,0
LOWE'S OF HILLSBORO,OR,0
LOWE'S OF CLACKAMAS COUNTY,OR,0
LOWE'S OF E. VANCOUVER,WA,0
LOWE'S OF PORTLAND-DELTA PARK,OR,0
LOWE'S OF TIGARD,OR,0
LOWE'S OF MCMINNVILLE,OR,0
LOWE'S OF WOOD VILLAGE,OR,0
LOWE'S OF LACAMAS LAKE,WA,0
LOWE'S OF INDIAN TRAIL,NC,0
LOWE'S OF LONGVIEW,WA,0
LOWE'S OF GREENWOOD,SC,0
LOWE'S OF CRANBERRY TOWNSHIP,PA,0
LOWE'S OF BOARDMAN,OH,0
LOWE'S OF HERMITAGE,PA,0
LOWE'S OF MONACA,PA,0
LOWE'S OF UNION TOWNSHIP,PA,0
LOWE'S OF BUTLER,PA,0
LOWE'S OF TRUMBULL COUNTY,OH,0
LOWE'S OF LAS CRUCES,NM,0
LOWE'S OF CARLSBAD,NM,0
LOWE'S OF SIERRA VISTA,AZ,0
LOWE'S OF W. EL PASO,TX,0
LOWE'S OF E. EL PASO,TX,0
LOWE'S OF FAR EAST EL PASO,TX,0
LOWE'S OF N. EL PASO,TX,0
LOWE'S OF HOBBS,NM,0
LOWE'S OF SURF CITY,NC,0
LOWE'S OF S. JACKSONVILLE,NC,0
LOWE'S OF S.E. GREENSBORO,NC,0
LOWE'S OF NORTH GREENSBORO,NC,0
LOWE'S OF SW GREENSBORO,NC,0
LOWE'S OF NORTH HIGH POINT,NC,0
LOWE'S OF NORTH WINSTON,NC,0
LOWE'S OF WINSTON WEST,NC,0
LOWE'S OF S. WINSTON-SALEM,NC,0
LOWE'S OF KERNERSVILLE,NC,0
LOWE'S OF SULPHUR,LA,0
LOWE'S OF LAKE CHARLES,LA,0
LOWE'S OF PORT ARTHUR,TX,0
LOWE'S OF BEAUMONT,TX,0
LOWE'S OF S.E. MEMPHIS,TN,0
LOWE'S OF MEMPHIS,TN,0
LOWE'S OF MILLINGTON,TN,0
LOWE'S OF GERMANTOWN PARKWAY,TN,0
LOWE'S OF E. BARTLETT,TN,0
LOWE'S OF COLLIERVILLE,TN,0
LOWE'S OF NEW ALBANY,MS,0
LOWE'S OF OLIVE BRANCH,MS,0
LOWE'S OF SOUTHAVEN,MS,0
LOWE'S OF BATESVILLE,MS,0
LOWE'S OF COLUMBUS,MS,0
LOWE'S OF TUPELO,MS,0
LOWE'S OF STARKVILLE,MS,0
LOWE'S OF PHILADELPHIA,MS,0
LOWE'S OF MERIDIAN,MS,0
LOWE'S OF WEST COLUMBUS,OH,0
LOWE'S OF DUBLIN,OH,0
LOWE'S OF CENTRAL COLUMBUS,OH,0
LOWE'S OF N.E. COLUMBUS,OH,0
LOWE'S OF N COLUMBUS,OH,0
LOWE'S OF S.E. COLUMBUS,OH,0
LOWE'S OF REYNOLDSBURG,OH,0
LOWE'S OF S.W. COLUMBUS,OH,0
LOWE'S OF E. COLUMBUS,OH,0
LOWE'S OF S. COLUMBUS,OH,0
LOWE'S OF BLYTHEVILLE,AR,0
LOWE'S OF CHAMPAIGN,IL,0
LOWE'S OF ESSEX,VT,0
LOWE'S OF S. BURLINGTON,VT,0
LOWE'S OF SARATOGA SPRINGS,NY,0
LOWE'S OF PLATTSBURGH,NY,0
LOWE'S OF N. CONWAY,NH,0
LOWE'S OF LITTLETON,NH,0
LOWE'S OF AMSTERDAM,NY,0
LOWE'S OF GLENS FALLS,NY,0
LOWE'S OF KANKAKEE,IL,0
LOWE'S OF DANVILLE,IL,0
LOWE'S OF N. ATTLEBORO,MA,0
LOWE'S OF KILLINGLY,CT,0
LOWE'S OF RAYNHAM,MA,0
LOWE'S OF PLAINVILLE,MA,0
LOWE'S OF WARWICK,RI,0
LOWE'S OF CRANSTON,RI,0
LOWE'S OF N. WARWICK,RI,0
LOWE'S OF NORTH PROVIDENCE,RI,0
LOWE'S OF SEEKONK,MA,0
LOWE'S OF NORTH SMITHFIELD,RI,0
LOWE'S OF BOONE,NC,0
LOWE'S OF LENOIR,NC,0
LOWE'S OF S. BRISTOL,TN,0
LOWE'S OF BANNER ELK,NC,0
LOWE'S OF ELIZABETHTON,TN,0
LOWE'S OF ABINGDON,VA,0
LOWE'S OF MORGANTON,NC,0
LOWE'S OF MADISON,MS,0
LOWE'S OF N. LITTLE ROCK,AR,0
LOWE'S OF FLOWOOD,MS,0
LOWE'S OF PINE BLUFF,AR,0
LOWE'S OF RINCON,GA,0
LOWE'S OF STATESBORO,GA,0
LOWE'S OF SOUTH SAVANNAH,GA,0
LOWE'S OF POOLER,GA,0
LOWE'S OF HINESVILLE,GA,0
LOWE'S OF FORT COLLINS,CO,0
LOWE'S OF LOVELAND,CO,0
LOWE'S OF GREELEY,CO,0
LOWE'S OF LONGMONT,CO,0
LOWE'S OF BRIGHTON,CO,0
LOWE'S OF CHEYENNE,WY,0
LOWE'S OF N. WESTMINSTER,CO,0
LOWE'S OF WESTMINSTER,CO,0
LOWE'S OF ERIE,CO,0
LOWE'S OF NORTHGLENN,CO,0
LOWE'S OF NEWPORT,TN,0
LOWE'S OF HUTCHINSON,KS,0
LOWE'S OF N.W. WICHITA,KS,0
LOWE'S OF E. WICHITA,KS,0
LOWE'S OF SALINA,KS,0
LOWE'S OF DERBY,KS,0
LOWE'S OF W. WICHITA,KS,0
LOWE'S OF GRAND JUNCTION,CO,0
LOWE'S OF SILVERTHORNE,CO,0
LOWE'S OF N. LAKEWOOD,CO,0
LOWE'S OF GLENWOOD SPRINGS,CO,0
LOWE'S OF OREM,UT,0
LOWE'S OF SPANISH FORK,UT,0
LOWE'S OF ARVADA,CO,0
LOWE'S OF LAKEWOOD,CO,0
LOWE'S OF VERNAL,UT,0
LOWE'S OF S. LINCOLN,NE,0
LOWE'S OF N. MCALLEN,TX,0
LOWE'S OF LAREDO,TX,0
LOWE'S OF KINGSVILLE,TX,0
LOWE'S OF PHARR,TX,0
LOWE'S OF WESLACO,TX,0
LOWE'S OF EDINBURG,TX,0
LOWE'S OF S. SAN ANTONIO,TX,0
LOWE'S OF EAGLE PASS,TX,0
LOWE'S OF PETAL,MS,0
LOWE'S OF LAUREL,MS,0
LOWE'S OF HATTIESBURG,MS,0
LOWE'S OF N.E. GRAND RAPIDS,MI,0
LOWE'S OF ANN ARBOR,MI,0
LOWE'S OF KENTWOOD,MI,0
LOWE'S OF JACKSON,MI,0
LOWE'S OF SCIO TOWNSHIP,MI,0
LOWE'S OF CANTON,MI,0
LOWE'S OF WESTLAND,MI,0
LOWE'S OF BLOOMINGTON,IN,0
LOWE'S OF TERRE HAUTE,IN,0
LOWE'S OF SANDY,UT,0
LOWE'S OF RIVERTON,UT,0
LOWE'S OF LEHI,UT,0
LOWE'S OF WEST BOUNTIFUL,UT,0
LOWE'S OF SALT LAKE CITY,UT,0
LOWE'S OF LAYTON,UT,0
LOWE'S OF WEST VALLEY CITY,UT,0
LOWE'S OF W. JORDAN,UT,0
LOWE'S OF MURRAY,UT,0
LOWE'S OF AURORA,CO,0
LOWE'S OF LITTLETON,CO,0
LOWE'S OF S.E. AURORA,CO,0
LOWE'S OF C. TUCSON,AZ,0
LOWE'S OF MARANA,AZ,0
LOWE'S OF CASA GRANDE,AZ,0
LOWE'S OF E. TUCSON,AZ,0
LOWE'S OF S.W. TUCSON,AZ,0
LOWE'S OF ROSEDALE,NY,0
LOWE'S OF UNION,NJ,0
LOWE'S OF KALISPELL,MT,0
LOWE'S OF HELENA,MT,0
LOWE'S OF N. SPOKANE,WA,0
LOWE'S OF MISSOULA,MT,0
LOWE'S OF E. SPOKANE VALLEY,WA,0
LOWE'S OF PASCO,WA,0
LOWE'S OF SPOKANE VALLEY,WA,0
LOWE'S OF MOSES LAKE,WA,0
LOWE'S OF COEUR D'ALENE,ID,0
LOWE'S OF BOZEMAN,MT,0
LOWE'S OF CEDAR RAPIDS,IA,0
LOWE'S OF AMES,IA,0
LOWE'S OF CORALVILLE,IA,0
LOWE'S OF DUBUQUE,IA,0
LOWE'S OF ALTOONA,IA,0
LOWE'S OF WATERLOO,IA,0
LOWE'S OF CHAMBLEE,GA,0
LOWE'S OF WICHITA FALLS,TX,0
LOWE'S OF LAWTON,OK,0
LOWE'S OF ARDMORE,OK,0
LOWE'S OF LINDALE,TX,0
LOWE'S OF FRONT ROYAL,VA,0
LOWE'S OF ITHACA,NY,0
LOWE'S OF ORLAND PARK,IL,0
LOWE'S OF CHICAGO,IL (WICKER PARK),0
LOWE'S OF LINCOLNWOOD,IL,0
LOWE'S OF CHICAGO (79TH & CICERO),IL,0
LOWE'S OF NORTHBROOK,IL,0
LOWE'S OF CHICAGO (83RD & STEWART),IL,0
LOWE'S OF CHICAGO-BRICKYARD,IL,0
LOWE'S OF PHILADELPHIA - ARAMINGO AVENUE,PA,0
LOWE'S OF MAPLE SHADE,NJ,0
LOWE'S OF MT. HOLLY,NJ,0
LOWE'S OF DELRAN,NJ,0
LOWE'S OF UPPER MORELAND TOWNSHIP,PA,0
LOWE'S OF BENSALEM TOWNSHIP,PA,0
LOWE'S OF MIDDLETOWN TOWNSHIP,PA,0
LOWE'S OF WARRINGTON,PA,0
LOWE'S OF N.E. PHILADELPHIA,PA,0
LOWE'S OF S. PHILADELPHIA,PA,0
LOWE'S OF W. PHILADELPHIA,PA,0
LOWE'S OF DEPTFORD,NJ,0
LOWE'S OF HAVERTOWN,PA,0
LOWE'S OF MANTUA TOWNSHIP,NJ,0
LOWE'S OF BROOKHAVEN,PA,0
LOWE'S OF LAWNSIDE,NJ,0
LOWE'S OF CORTLANDVILLE,NY,0
LOWE'S OF VESTAL,NY,0
LOWE'S OF BIG FLATS,NY,0
LOWE'S OF SAYRE,PA,0
LOWE'S OF BINGHAMTON,NY,0
LOWE'S OF STERLING,VA,0
LOWE'S OF STONE MOUNTAIN,GA,0
LOWE'S OF TILTON,NH,0
LOWE'S OF GILFORD,NH,0
LOWE'S OF WEST BRIDGEWATER,MA,0
LOWE'S OF S. STATEN ISLAND,NY,0
LOWE'S OF HANOVER,NJ,0
LOWE'S OF WOODBRIDGE,NJ,0
LOWE'S OF PISCATAWAY,NJ,0
LOWE'S OF THOMASTON,ME,0
LOWE'S OF BREWER,ME,0
LOWE'S OF BRUNSWICK,ME,0
LOWE'S OF AUBURN,ME,0
LOWE'S OF SCARBOROUGH,ME,0
LOWE'S OF N. WINDHAM,ME,0
LOWE'S OF BANGOR,ME,0
LOWE'S OF PORTLAND,ME,0
LOWE'S OF AUGUSTA,ME,0
LOWE'S OF BUCHANAN,WI,0
LOWE'S OF MANITOWOC,WI,0
LOWE'S OF MUSKEGON,MI,0
LOWE'S OF TRAVERSE CITY,MI,0
LOWE'S OF LUDINGTON,MI,0
LOWE'S OF OSHKOSH,WI,0
LOWE'S OF WAUWATOSA,WI,0
LOWE'S OF KENOSHA,WI,0
LOWE'S OF PLOVER,WI,0
LOWE'S OF FRANKLIN,WI,0
LOWE'S OF LEBANON,PA,0
LOWE'S OF CARLISLE,PA,0
LOWE'S OF HARRISBURG,PA,0
LOWE'S OF PALMYRA,PA,0
LOWE'S OF MECHANICSBURG,PA,0
LOWE'S OF YORK,PA,0
LOWE'S OF W. LANCASTER,PA,0
LOWE'S OF CAPE CARTERET,NC,0
LOWE'S OF MOREHEAD CITY,NC,0
LOWE'S OF CLINTON,UT,0
LOWE'S OF NEW LENOX,IL,0
LOWE'S OF SCHERERVILLE,IN,0
LOWE'S OF MERRILLVILLE,IN,0
LOWE'S OF DELAVAN,WI,0
LOWE'S OF S. CLINTON TOWNSHIP,MI,0
LOWE'S OF HARPER WOODS,MI,0
LOWE'S OF N. CHESTERFIELD,MI,0
LOWE'S OF GREENPORT,NY,0
LOWE'S OF DANBURY,CT,0
LOWE'S OF LLOYD,NY,0
LOWE'S OF ULSTER,NY,0
LOWE'S OF POUGHKEEPSIE,NY,0
LOWE'S OF MIDDLETOWN,NY,0
LOWE'S OF YORKTOWN,NY,0
LOWE'S OF CHESTER,NY,0
LOWE'S OF CATSKILL,NY,0
LOWE'S OF NEWBURGH,NY,0
LOWE'S OF E. CHARLOTTE,NC,0
LOWE'S OF NORTH CHARLOTTE,NC,0
LOWE'S OF DANVERS,MA,0
LOWE'S OF DEDHAM,MA,0
LOWE'S OF WOBURN,MA,0
LOWE'S OF LOWELL,MA,0
LOWE'S OF FRAMINGHAM,MA,0
LOWE'S OF WEYMOUTH,MA,0
LOWE'S OF SAUGUS,MA,0
LOWE'S OF BROCKTON,MA,0
LOWE'S OF SALEM,NH,0
LOWE'S OF ABINGTON,MA,0
LOWE'S OF PLYMOUTH MEETING,PA,0
LOWE'S OF NEW HARTFORD,NY,0
LOWE'S OF ONEONTA,NY,0
LOWE'S OF UTICA,NY,0
LOWE'S OF NORWICH,NY,0
LOWE'S OF HERKIMER,NY,0
LOWE'S OF INDIANA,PA,0
LOWE'S OF LATROBE,PA,0
LOWE'S OF ALTOONA,PA,0
LOWE'S OF JOHNSTOWN,PA,0
LOWE'S OF ALLEGANY,MD,0
LOWE'S OF BELLE VERNON,PA,0
LOWE'S OF SOMERSET,PA,0
LOWE'S OF MANSFIELD,PA,0
LOWE'S OF SPRINGVILLE,NY,0
LOWE'S OF BROWNSVILLE,TX,0
LOWE'S OF HARLINGEN,TX,0
LOWE'S OF BIG RAPIDS,MI,0
LOWE'S OF WINCHESTER,VA,0
LOWE'S OF PADUCAH,KY,0
LOWE'S OF CENTRAL RICHMOND,VA,0
LOWE'S OF WEST RICHMOND,VA,0
LOWE'S OF MIDLOTHIAN,VA,0
LOWE'S OF E. RICHMOND,VA,0
LOWE'S OF MECHANICSVILLE,VA,0
LOWE'S OF N. RICHMOND,VA,0
LOWE'S OF SOUTH RICHMOND,VA,0
LOWE'S OF SHORT PUMP,VA,0
LOWE'S OF CHESTER,VA,0
LOWE'S OF W. CHESTERFIELD,VA,0
LOWE'S OF ROCHESTER,MN,0
LOWE'S OF TWIN FALLS,ID,0
LOWE'S OF RIVERDALE,UT,0
LOWE'S OF OGDEN,UT,0
LOWE'S OF LOGAN,UT,0
LOWE'S OF POCATELLO,ID,0
LOWE'S OF IDAHO FALLS,ID,0
LOWE'S OF S. BEL AIR,MD,0
LOWE'S OF NORTH EAST,MD,0
LOWE'S OF MIDDLETOWN,DE,0
LOWE'S OF SOUTH BEND,IN,0
LOWE'S OF MICHIGAN CITY,IN,0
LOWE'S OF PLYMOUTH,IN,0
LOWE'S OF S. MERIDIAN,ID,0
LOWE'S OF BOISE,ID,0
LOWE'S OF MERIDIAN,ID,0
LOWE'S OF NAMPA,ID,0
LOWE'S OF MCCOMB,MS,0
LOWE'S OF JONESBOROUGH,TN,0
LOWE'S OF LEXINGTON,NC,0
LOWE'S OF MOCKSVILLE,NC,0
LOWE'S OF GADSDEN,AL,0
LOWE'S OF N. ANNISTON,AL,0
LOWE'S OF HICKSVILLE,NY,0
LOWE'S OF GARDEN CITY,NY,0
LOWE'S OF FARMINGDALE,NY,0
LOWE'S OF PRINCE GEORGE,VA,0
LOWE'S OF KENNEWICK,WA,0
LOWE'S OF WENATCHEE,WA,0
LOWE'S OF SHOW LOW,AZ,0
LOWE'S OF MILFORD,MA,0
LOWE'S OF ODESSA,TX,0
LOWE'S OF WILMINGTON,DE,0
LOWE'S OF N. WILMINGTON,DE,0
LOWE'S OF E. CALN TOWNSHIP,PA,0
LOWE'S OF DOVER,DE,0
LOWE'S OF BEAR,DE,0
LOWE'S OF AVONDALE,PA,0
LOWE'S OF NEWARK,DE,0
LOWE'S OF OAKS,PA,0
LOWE'S OF CLARKSTOWN,NY,0
LOWE'S OF ORANGEBURG,NY,0
